2026-08-26 05:33:20.434 WARN  [o.s.b.a.s.s.UserDetailsServiceAutoConfiguration] 

Using generated security password: 04f7d82c-2128-4bc3-b569-3d0753b55c8a

This generated password is for development use only. Your security configuration must be updated before running your application in production.

2026-08-26 05:33:22.306 INFO  [c.a.s.s.s.SendEmailScheduler] [SyncApprovalStatus] Bắt đầu đồng bộ trạng thái phê duyệt.
2026-08-26 05:33:22.508 WARN  [o.apache.axis.utils.JavaUtils] Unable to find required classes (javax.activation.DataHandler and javax.mail.internet.MimeMultipart). Attachment support is disabled.
2026-08-26 05:33:22.690 INFO  [c.a.config.SqlOnlyInterceptor] SQL Execute | mapper=com.ait.sy.sys.mapper.SendEmailMapper.getSynchronizationApprovalList | caller=com.ait.sy.sys.service.impl.SendEmailServiceImpl.synchronizationApprovalStatus(SendEmailServiceImpl.java:467) | command=SELECT | params=[] | sql=SELECT * FROM ( SELECT ATT.APPLY_NO, ATT.PERSON_ID, ATT.LEAVE_TYPE_NO APPLY_TYPE_NO, ATT.LEAVE_TYPE_CODE APPLY_TYPE_CODE, (CASE WHEN ( TO_DATE(TO_CHAR(ATT.LEAVE_FROM_TIME, 'HH24:MI'), 'HH24:MI') > TO_DATE(SUBSTR(SUBSTR(GET_AR_SHIFT_TIME(GET_AR_SHIFTNO(ATT.PERSON_ID, TO_CHAR(ATT.LEAVE_FROM_TIME, 'YYYY/MM/DD'), 'HAE'), TO_CHAR(ATT.LEAVE_FROM_TIME, 'YYYY/MM/DD'), 'HAE', 'FIRST'), 0, 16), 12, 16), 'HH24:MI') ) THEN '1' ELSE '0' END) TIME_FLAG, ATT.BATCH_YN, ATT.BATCH_NO, ATT.MISDOCID FROM ESS_LEAVE_APPLY_TB ATT WHERE ATT.AFFIRM_FLAG NOT IN ('14014308', '14014309', '14014310') AND ATT.CPNY_ID = 'HAE' AND ATT.ACTIVITY = 1 AND ATT.SEND_EMAIL_FLAG = 1 AND ATT.LEAVE_FROM_TIME >= TO_DATE(TO_CHAR(ADD_MONTHS(SYSDATE,-1),'YYYY/MM/DD'),'YYYY/MM/DD') AND ATT.MISDOCID IS NOT NULL UNION ALL SELECT OT.APPLY_NO, OT.PERSON_ID, OT.OT_TYPE_NO APPLY_TYPE_NO, OT.OT_TYPE_CODE APPLY_TYPE_CODE, '0' TIME_FLAG, OT.BATCH_YN, OT.BATCH_NO, OT.MISDOCID FROM ESS_APPLY_OT OT WHERE OT.AFFIRM_FLAG NOT IN ('14014308', '14014309', '14014310') AND OT.CPNY_ID = 'HAE' AND OT.ACTIVITY = 1 AND OT.SEND_EMAIL_FLAG = 1 AND OT.APPLY_OT_DATE >= TO_DATE(TO_CHAR(ADD_MONTHS(SYSDATE,-1),'YYYY/MM/DD'),'YYYY/MM/DD') AND OT.MISDOCID IS NOT NULL UNION ALL SELECT OTO.APPLY_NO, OTO.PERSON_ID, OTO.OT_TYPE_NO APPLY_TYPE_NO, OTO.OT_TYPE_CODE APPLY_TYPE_CODE, '0' TIME_FLAG, OTO.BATCH_YN, OTO.BATCH_NO, OTO.MISDOCID FROM ESS_APPLY_OT_OVER OTO WHERE OTO.AFFIRM_FLAG NOT IN ('14014308', '14014309', '14014310') AND OTO.CPNY_ID = 'HAE' AND OTO.ACTIVITY = 1 AND OTO.SEND_EMAIL_FLAG = 1 AND OTO.APPLY_OT_DATE >= TO_DATE(TO_CHAR(ADD_MONTHS(SYSDATE,-1),'YYYY/MM/DD'),'YYYY/MM/DD') AND OTO.MISDOCID IS NOT NULL UNION ALL SELECT CARD.APPLY_NO, CARD.PERSON_ID, '218197' APPLY_TYPE_NO, CARD.ITEM_NO APPLY_TYPE_CODE, '0' TIME_FLAG, 0 BATCH_YN, 0 BATCH_NO, CARD.MISDOCID FROM ESS_CARD_APPLY_TB CARD WHERE CARD.AFFIRM_FLAG NOT IN ('14014308', '14014309', '14014310') AND CARD.CPNY_ID = 'HAE' AND CARD.ACTIVITY = '1' AND CARD.SEND_EMAIL_FLAG = 1 AND CARD.CREATE_DATE >= TO_DATE(TO_CHAR(ADD_MONTHS(SYSDATE,-1),'YYYY/MM/DD'),'YYYY/MM/DD') AND CARD.MISDOCID IS NOT NULL ) A ORDER BY A.APPLY_NO
2026-08-26 05:33:23.085 INFO  [c.a.config.SqlOnlyInterceptor] SQL Result  | mapper=com.ait.sy.sys.mapper.SendEmailMapper.getSynchronizationApprovalList | caller=com.ait.sy.sys.service.impl.SendEmailServiceImpl.synchronizationApprovalStatus(SendEmailServiceImpl.java:467) | rowsReturned=0 | took=397 ms
2026-08-26 05:33:23.094 INFO  [c.a.s.s.s.SendEmailScheduler] [SyncApprovalStatus] Hoàn tất đồng bộ trạng thái phê duyệt.
2026-08-26 05:33:58.653 WARN  [o.a.c.u.SessionIdGeneratorBase] Creation of SecureRandom instance for session ID generation using [SHA1PRNG] took [149] milliseconds.
2026-08-26 05:33:58.739 INFO  [c.a.s.s.c.AuthController] [CSRF-DEBUG] GET /login sessionId=9730C605DE404DFD7BF614CFFA2951EB isNew=false csrfToken=HYzaSBzp...(len=43)
2026-08-26 05:33:58.744 WARN  [c.ait.util.AngularIndexService] Khong tim thay static/ng/index.html - chua build Angular. Chay 'npm run build' trong thu muc frontend/.
2026-08-26 05:36:32.471 WARN  [o.a.c.l.WebappClassLoaderBase] The web application [ROOT] appears to have started a thread named [oracle.jdbc.driver.BlockSource.ThreadedCachingBlockSource.BlockReleaser] but has failed to stop it. This is very likely to create a memory leak. Stack trace of thread:
 java.base@11.0.30/jdk.internal.misc.Unsafe.park(Native Method)
 java.base@11.0.30/java.util.concurrent.locks.LockSupport.parkNanos(LockSupport.java:234)
 java.base@11.0.30/java.util.concurrent.locks.AbstractQueuedSynchronizer$ConditionObject.awaitNanos(AbstractQueuedSynchronizer.java:2123)
 app//oracle.jdbc.internal.Monitor$WaitableMonitor.monitorWait(Monitor.java:258)
 app//oracle.jdbc.internal.Monitor$WaitableMonitor.monitorWait(Monitor.java:240)
 app//oracle.jdbc.driver.BlockSource$ThreadedCachingBlockSource$BlockReleaser.run(BlockSource.java:345)
2026-08-26 05:36:32.472 WARN  [o.a.c.l.WebappClassLoaderBase] The web application [ROOT] appears to have started a thread named [InterruptTimer] but has failed to stop it. This is very likely to create a memory leak. Stack trace of thread:
 java.base@11.0.30/java.lang.Object.wait(Native Method)
 java.base@11.0.30/java.util.TimerThread.mainLoop(Timer.java:553)
 java.base@11.0.30/java.util.TimerThread.run(Timer.java:506)
2026-08-26 05:36:32.473 WARN  [o.a.c.l.WebappClassLoaderBase] The web application [ROOT] appears to have started a thread named [HrAppPool housekeeper] but has failed to stop it. This is very likely to create a memory leak. Stack trace of thread:
 java.base@11.0.30/jdk.internal.misc.Unsafe.park(Native Method)
 java.base@11.0.30/java.util.concurrent.locks.LockSupport.parkNanos(LockSupport.java:234)
 java.base@11.0.30/java.util.concurrent.locks.AbstractQueuedSynchronizer$ConditionObject.awaitNanos(AbstractQueuedSynchronizer.java:2123)
 java.base@11.0.30/java.util.concurrent.ScheduledThreadPoolExecutor$DelayedWorkQueue.take(ScheduledThreadPoolExecutor.java:1182)
 java.base@11.0.30/java.util.concurrent.ScheduledThreadPoolExecutor$DelayedWorkQueue.take(ScheduledThreadPoolExecutor.java:899)
 java.base@11.0.30/java.util.concurrent.ThreadPoolExecutor.getTask(ThreadPoolExecutor.java:1054)
 java.base@11.0.30/java.util.concurrent.ThreadPoolExecutor.runWorker(ThreadPoolExecutor.java:1114)
 java.base@11.0.30/java.util.concurrent.ThreadPoolExecutor$Worker.run(ThreadPoolExecutor.java:628)
 java.base@11.0.30/java.lang.Thread.run(Thread.java:834)
2026-08-26 05:36:38.678 WARN  [o.m.s.m.ClassPathMapperScanner] No MyBatis mapper was found in '[com.ait]' package. Please check your configuration.
2026-08-26 05:36:40.696 WARN  [o.m.s.SqlSessionFactoryBean] Cannot load the 'file [D:\Java\WorkSpace\New_HR\HAE-VHR\src\main\webapp\WEB-INF\classes\com\ait\ar\attendanceMintenance\dto\ArOvertimeManagentDto.class]'. Cause by java.lang.NoClassDefFoundError: com/ait/hrm/empinfo/dto/EmployeeNameDto
2026-08-26 05:36:40.702 WARN  [o.m.s.SqlSessionFactoryBean] Cannot load the 'file [D:\Java\WorkSpace\New_HR\HAE-VHR\src\main\webapp\WEB-INF\classes\com\ait\ar\attendanceMintenance\dto\EssLeaveApplyDto.class]'. Cause by java.lang.NoClassDefFoundError: com/ait/hrm/empinfo/dto/EmployeeNameDto
2026-08-26 05:36:41.010 WARN  [o.m.s.SqlSessionFactoryBean] Cannot load the 'file [D:\Java\WorkSpace\New_HR\HAE-VHR\src\main\webapp\WEB-INF\classes\com\ait\ar\attendanceSettings\dto\ArVacEmpDto.class]'. Cause by java.lang.NoClassDefFoundError: com/ait/hrm/empinfo/dto/EmployeeNameDto
2026-08-26 05:36:41.448 WARN  [o.s.b.w.s.c.AnnotationConfigServletWebServerApplicationContext] Exception encountered during context initialization - cancelling refresh attempt: org.springframework.beans.factory.BeanCreationException: Error creating bean with name 'sqlSessionFactory' defined in class path resource [org/mybatis/spring/boot/autoconfigure/MybatisAutoConfiguration.class]: Bean instantiation via factory method failed; nested exception is org.springframework.beans.BeanInstantiationException: Failed to instantiate [org.apache.ibatis.session.SqlSessionFactory]: Factory method 'sqlSessionFactory' threw exception; nested exception is java.io.IOException: Failed to parse mapping resource: 'file [D:\Java\WorkSpace\New_HR\HAE-VHR\src\main\webapp\WEB-INF\classes\com\ait\mapper\ArOvertimeManagentMapper.xml]'
2026-08-26 05:36:41.593 ERROR [o.s.boot.SpringApplication] Application run failed
Caused by: java.lang.ClassNotFoundException: Cannot find class: com.ait.hrm.empinfo.dto.EmployeeNameDto
	at at org.apache.ibatis.io.ClassLoaderWrapper.classForName(ClassLoaderWrapper.java:226)
Caused by: org.apache.ibatis.type.TypeException: Could not resolve type alias 'com.ait.hrm.empinfo.dto.EmployeeNameDto'.  Cause: java.lang.ClassNotFoundException: Cannot find class: com.ait.hrm.empinfo.dto.EmployeeNameDto
	at at org.apache.ibatis.type.TypeAliasRegistry.resolveAlias(TypeAliasRegistry.java:128)
Caused by: org.apache.ibatis.builder.BuilderException: Error resolving class. Cause: org.apache.ibatis.type.TypeException: Could not resolve type alias 'com.ait.hrm.empinfo.dto.EmployeeNameDto'.  Cause: java.lang.ClassNotFoundException: Cannot find class: com.ait.hrm.empinfo.dto.EmployeeNameDto
	at at org.apache.ibatis.builder.BaseBuilder.resolveClass(BaseBuilder.java:118)
Caused by: org.apache.ibatis.builder.BuilderException: Error parsing Mapper XML. The XML location is 'file [D:\Java\WorkSpace\New_HR\HAE-VHR\src\main\webapp\WEB-INF\classes\com\ait\mapper\ArOvertimeManagentMapper.xml]'. Cause: org.apache.ibatis.builder.BuilderException: Error resolving class. Cause: org.apache.ibatis.type.TypeException: Could not resolve type alias 'com.ait.hrm.empinfo.dto.EmployeeNameDto'.  Cause: java.lang.ClassNotFoundException: Cannot find class: com.ait.hrm.empinfo.dto.EmployeeNameDto
	at at org.apache.ibatis.builder.xml.XMLMapperBuilder.configurationElement(XMLMapperBuilder.java:128)
Caused by: java.io.IOException: Failed to parse mapping resource: 'file [D:\Java\WorkSpace\New_HR\HAE-VHR\src\main\webapp\WEB-INF\classes\com\ait\mapper\ArOvertimeManagentMapper.xml]'
	at at org.mybatis.spring.SqlSessionFactoryBean.buildSqlSessionFactory(SqlSessionFactoryBean.java:700)
Caused by: org.springframework.beans.BeanInstantiationException: Failed to instantiate [org.apache.ibatis.session.SqlSessionFactory]: Factory method 'sqlSessionFactory' threw exception; nested exception is java.io.IOException: Failed to parse mapping resource: 'file [D:\Java\WorkSpace\New_HR\HAE-VHR\src\main\webapp\WEB-INF\classes\com\ait\mapper\ArOvertimeManagentMapper.xml]'
	at at org.springframework.beans.factory.support.SimpleInstantiationStrategy.instantiate(SimpleInstantiationStrategy.java:185)
org.springframework.beans.factory.BeanCreationException: Error creating bean with name 'sqlSessionFactory' defined in class path resource [org/mybatis/spring/boot/autoconfigure/MybatisAutoConfiguration.class]: Bean instantiation via factory method failed; nested exception is org.springframework.beans.BeanInstantiationException: Failed to instantiate [org.apache.ibatis.session.SqlSessionFactory]: Factory method 'sqlSessionFactory' threw exception; nested exception is java.io.IOException: Failed to parse mapping resource: 'file [D:\Java\WorkSpace\New_HR\HAE-VHR\src\main\webapp\WEB-INF\classes\com\ait\mapper\ArOvertimeManagentMapper.xml]'
	at at org.springframework.beans.factory.support.ConstructorResolver.instantiate(ConstructorResolver.java:653)
2026-08-26 05:36:52.123 WARN  [o.s.b.a.s.s.UserDetailsServiceAutoConfiguration] 

Using generated security password: 2f9ff1fa-5688-474c-beb5-0394b7972ce0

This generated password is for development use only. Your security configuration must be updated before running your application in production.

2026-08-26 05:36:52.691 INFO  [c.a.s.s.s.SendEmailScheduler] [SyncApprovalStatus] Bắt đầu đồng bộ trạng thái phê duyệt.
2026-08-26 05:36:52.732 INFO  [c.a.config.SqlOnlyInterceptor] SQL Execute | mapper=com.ait.sy.sys.mapper.SendEmailMapper.getSynchronizationApprovalList | caller=com.ait.sy.sys.service.impl.SendEmailServiceImpl.synchronizationApprovalStatus(SendEmailServiceImpl.java:467) | command=SELECT | params=[] | sql=SELECT * FROM ( SELECT ATT.APPLY_NO, ATT.PERSON_ID, ATT.LEAVE_TYPE_NO APPLY_TYPE_NO, ATT.LEAVE_TYPE_CODE APPLY_TYPE_CODE, (CASE WHEN ( TO_DATE(TO_CHAR(ATT.LEAVE_FROM_TIME, 'HH24:MI'), 'HH24:MI') > TO_DATE(SUBSTR(SUBSTR(GET_AR_SHIFT_TIME(GET_AR_SHIFTNO(ATT.PERSON_ID, TO_CHAR(ATT.LEAVE_FROM_TIME, 'YYYY/MM/DD'), 'HAE'), TO_CHAR(ATT.LEAVE_FROM_TIME, 'YYYY/MM/DD'), 'HAE', 'FIRST'), 0, 16), 12, 16), 'HH24:MI') ) THEN '1' ELSE '0' END) TIME_FLAG, ATT.BATCH_YN, ATT.BATCH_NO, ATT.MISDOCID FROM ESS_LEAVE_APPLY_TB ATT WHERE ATT.AFFIRM_FLAG NOT IN ('14014308', '14014309', '14014310') AND ATT.CPNY_ID = 'HAE' AND ATT.ACTIVITY = 1 AND ATT.SEND_EMAIL_FLAG = 1 AND ATT.LEAVE_FROM_TIME >= TO_DATE(TO_CHAR(ADD_MONTHS(SYSDATE,-1),'YYYY/MM/DD'),'YYYY/MM/DD') AND ATT.MISDOCID IS NOT NULL UNION ALL SELECT OT.APPLY_NO, OT.PERSON_ID, OT.OT_TYPE_NO APPLY_TYPE_NO, OT.OT_TYPE_CODE APPLY_TYPE_CODE, '0' TIME_FLAG, OT.BATCH_YN, OT.BATCH_NO, OT.MISDOCID FROM ESS_APPLY_OT OT WHERE OT.AFFIRM_FLAG NOT IN ('14014308', '14014309', '14014310') AND OT.CPNY_ID = 'HAE' AND OT.ACTIVITY = 1 AND OT.SEND_EMAIL_FLAG = 1 AND OT.APPLY_OT_DATE >= TO_DATE(TO_CHAR(ADD_MONTHS(SYSDATE,-1),'YYYY/MM/DD'),'YYYY/MM/DD') AND OT.MISDOCID IS NOT NULL UNION ALL SELECT OTO.APPLY_NO, OTO.PERSON_ID, OTO.OT_TYPE_NO APPLY_TYPE_NO, OTO.OT_TYPE_CODE APPLY_TYPE_CODE, '0' TIME_FLAG, OTO.BATCH_YN, OTO.BATCH_NO, OTO.MISDOCID FROM ESS_APPLY_OT_OVER OTO WHERE OTO.AFFIRM_FLAG NOT IN ('14014308', '14014309', '14014310') AND OTO.CPNY_ID = 'HAE' AND OTO.ACTIVITY = 1 AND OTO.SEND_EMAIL_FLAG = 1 AND OTO.APPLY_OT_DATE >= TO_DATE(TO_CHAR(ADD_MONTHS(SYSDATE,-1),'YYYY/MM/DD'),'YYYY/MM/DD') AND OTO.MISDOCID IS NOT NULL UNION ALL SELECT CARD.APPLY_NO, CARD.PERSON_ID, '218197' APPLY_TYPE_NO, CARD.ITEM_NO APPLY_TYPE_CODE, '0' TIME_FLAG, 0 BATCH_YN, 0 BATCH_NO, CARD.MISDOCID FROM ESS_CARD_APPLY_TB CARD WHERE CARD.AFFIRM_FLAG NOT IN ('14014308', '14014309', '14014310') AND CARD.CPNY_ID = 'HAE' AND CARD.ACTIVITY = '1' AND CARD.SEND_EMAIL_FLAG = 1 AND CARD.CREATE_DATE >= TO_DATE(TO_CHAR(ADD_MONTHS(SYSDATE,-1),'YYYY/MM/DD'),'YYYY/MM/DD') AND CARD.MISDOCID IS NOT NULL ) A ORDER BY A.APPLY_NO
2026-08-26 05:36:52.770 INFO  [c.a.config.SqlOnlyInterceptor] SQL Result  | mapper=com.ait.sy.sys.mapper.SendEmailMapper.getSynchronizationApprovalList | caller=com.ait.sy.sys.service.impl.SendEmailServiceImpl.synchronizationApprovalStatus(SendEmailServiceImpl.java:467) | rowsReturned=0 | took=40 ms
2026-08-26 05:36:52.772 INFO  [c.a.s.s.s.SendEmailScheduler] [SyncApprovalStatus] Hoàn tất đồng bộ trạng thái phê duyệt.
2026-08-26 05:36:58.563 WARN  [o.a.c.l.WebappClassLoaderBase] The web application [ROOT] appears to have started a thread named [OJDBC-WORKER-THREAD-2] but has failed to stop it. This is very likely to create a memory leak. Stack trace of thread:
 java.base@11.0.30/jdk.internal.misc.Unsafe.park(Native Method)
 java.base@11.0.30/java.util.concurrent.locks.LockSupport.parkNanos(LockSupport.java:234)
 java.base@11.0.30/java.util.concurrent.SynchronousQueue$TransferStack.awaitFulfill(SynchronousQueue.java:462)
 java.base@11.0.30/java.util.concurrent.SynchronousQueue$TransferStack.transfer(SynchronousQueue.java:361)
 java.base@11.0.30/java.util.concurrent.SynchronousQueue.poll(SynchronousQueue.java:937)
 java.base@11.0.30/java.util.concurrent.ThreadPoolExecutor.getTask(ThreadPoolExecutor.java:1053)
 java.base@11.0.30/java.util.concurrent.ThreadPoolExecutor.runWorker(ThreadPoolExecutor.java:1114)
 java.base@11.0.30/java.util.concurrent.ThreadPoolExecutor$Worker.run(ThreadPoolExecutor.java:628)
 java.base@11.0.30/java.lang.Thread.run(Thread.java:834)
2026-08-26 05:36:58.563 WARN  [o.a.c.l.WebappClassLoaderBase] The web application [ROOT] appears to have started a thread named [HrAppPool housekeeper] but has failed to stop it. This is very likely to create a memory leak. Stack trace of thread:
 java.base@11.0.30/jdk.internal.misc.Unsafe.park(Native Method)
 java.base@11.0.30/java.util.concurrent.locks.LockSupport.parkNanos(LockSupport.java:234)
 java.base@11.0.30/java.util.concurrent.locks.AbstractQueuedSynchronizer$ConditionObject.awaitNanos(AbstractQueuedSynchronizer.java:2123)
 java.base@11.0.30/java.util.concurrent.ScheduledThreadPoolExecutor$DelayedWorkQueue.take(ScheduledThreadPoolExecutor.java:1182)
 java.base@11.0.30/java.util.concurrent.ScheduledThreadPoolExecutor$DelayedWorkQueue.take(ScheduledThreadPoolExecutor.java:899)
 java.base@11.0.30/java.util.concurrent.ThreadPoolExecutor.getTask(ThreadPoolExecutor.java:1054)
 java.base@11.0.30/java.util.concurrent.ThreadPoolExecutor.runWorker(ThreadPoolExecutor.java:1114)
 java.base@11.0.30/java.util.concurrent.ThreadPoolExecutor$Worker.run(ThreadPoolExecutor.java:628)
 java.base@11.0.30/java.lang.Thread.run(Thread.java:834)
2026-08-26 05:37:01.944 WARN  [o.s.b.a.s.s.UserDetailsServiceAutoConfiguration] 

Using generated security password: 933dc62f-04b9-433b-9f9b-e3dc6379065a

This generated password is for development use only. Your security configuration must be updated before running your application in production.

2026-08-26 05:37:02.360 INFO  [c.a.s.s.s.SendEmailScheduler] [SyncApprovalStatus] Bắt đầu đồng bộ trạng thái phê duyệt.
2026-08-26 05:37:02.380 INFO  [c.a.config.SqlOnlyInterceptor] SQL Execute | mapper=com.ait.sy.sys.mapper.SendEmailMapper.getSynchronizationApprovalList | caller=com.ait.sy.sys.service.impl.SendEmailServiceImpl.synchronizationApprovalStatus(SendEmailServiceImpl.java:467) | command=SELECT | params=[] | sql=SELECT * FROM ( SELECT ATT.APPLY_NO, ATT.PERSON_ID, ATT.LEAVE_TYPE_NO APPLY_TYPE_NO, ATT.LEAVE_TYPE_CODE APPLY_TYPE_CODE, (CASE WHEN ( TO_DATE(TO_CHAR(ATT.LEAVE_FROM_TIME, 'HH24:MI'), 'HH24:MI') > TO_DATE(SUBSTR(SUBSTR(GET_AR_SHIFT_TIME(GET_AR_SHIFTNO(ATT.PERSON_ID, TO_CHAR(ATT.LEAVE_FROM_TIME, 'YYYY/MM/DD'), 'HAE'), TO_CHAR(ATT.LEAVE_FROM_TIME, 'YYYY/MM/DD'), 'HAE', 'FIRST'), 0, 16), 12, 16), 'HH24:MI') ) THEN '1' ELSE '0' END) TIME_FLAG, ATT.BATCH_YN, ATT.BATCH_NO, ATT.MISDOCID FROM ESS_LEAVE_APPLY_TB ATT WHERE ATT.AFFIRM_FLAG NOT IN ('14014308', '14014309', '14014310') AND ATT.CPNY_ID = 'HAE' AND ATT.ACTIVITY = 1 AND ATT.SEND_EMAIL_FLAG = 1 AND ATT.LEAVE_FROM_TIME >= TO_DATE(TO_CHAR(ADD_MONTHS(SYSDATE,-1),'YYYY/MM/DD'),'YYYY/MM/DD') AND ATT.MISDOCID IS NOT NULL UNION ALL SELECT OT.APPLY_NO, OT.PERSON_ID, OT.OT_TYPE_NO APPLY_TYPE_NO, OT.OT_TYPE_CODE APPLY_TYPE_CODE, '0' TIME_FLAG, OT.BATCH_YN, OT.BATCH_NO, OT.MISDOCID FROM ESS_APPLY_OT OT WHERE OT.AFFIRM_FLAG NOT IN ('14014308', '14014309', '14014310') AND OT.CPNY_ID = 'HAE' AND OT.ACTIVITY = 1 AND OT.SEND_EMAIL_FLAG = 1 AND OT.APPLY_OT_DATE >= TO_DATE(TO_CHAR(ADD_MONTHS(SYSDATE,-1),'YYYY/MM/DD'),'YYYY/MM/DD') AND OT.MISDOCID IS NOT NULL UNION ALL SELECT OTO.APPLY_NO, OTO.PERSON_ID, OTO.OT_TYPE_NO APPLY_TYPE_NO, OTO.OT_TYPE_CODE APPLY_TYPE_CODE, '0' TIME_FLAG, OTO.BATCH_YN, OTO.BATCH_NO, OTO.MISDOCID FROM ESS_APPLY_OT_OVER OTO WHERE OTO.AFFIRM_FLAG NOT IN ('14014308', '14014309', '14014310') AND OTO.CPNY_ID = 'HAE' AND OTO.ACTIVITY = 1 AND OTO.SEND_EMAIL_FLAG = 1 AND OTO.APPLY_OT_DATE >= TO_DATE(TO_CHAR(ADD_MONTHS(SYSDATE,-1),'YYYY/MM/DD'),'YYYY/MM/DD') AND OTO.MISDOCID IS NOT NULL UNION ALL SELECT CARD.APPLY_NO, CARD.PERSON_ID, '218197' APPLY_TYPE_NO, CARD.ITEM_NO APPLY_TYPE_CODE, '0' TIME_FLAG, 0 BATCH_YN, 0 BATCH_NO, CARD.MISDOCID FROM ESS_CARD_APPLY_TB CARD WHERE CARD.AFFIRM_FLAG NOT IN ('14014308', '14014309', '14014310') AND CARD.CPNY_ID = 'HAE' AND CARD.ACTIVITY = '1' AND CARD.SEND_EMAIL_FLAG = 1 AND CARD.CREATE_DATE >= TO_DATE(TO_CHAR(ADD_MONTHS(SYSDATE,-1),'YYYY/MM/DD'),'YYYY/MM/DD') AND CARD.MISDOCID IS NOT NULL ) A ORDER BY A.APPLY_NO
2026-08-26 05:37:02.412 INFO  [c.a.config.SqlOnlyInterceptor] SQL Result  | mapper=com.ait.sy.sys.mapper.SendEmailMapper.getSynchronizationApprovalList | caller=com.ait.sy.sys.service.impl.SendEmailServiceImpl.synchronizationApprovalStatus(SendEmailServiceImpl.java:467) | rowsReturned=0 | took=33 ms
2026-08-26 05:37:02.414 INFO  [c.a.s.s.s.SendEmailScheduler] [SyncApprovalStatus] Hoàn tất đồng bộ trạng thái phê duyệt.
2026-08-26 05:37:05.356 WARN  [o.a.c.l.WebappClassLoaderBase] The web application [ROOT] appears to have started a thread named [HrAppPool housekeeper] but has failed to stop it. This is very likely to create a memory leak. Stack trace of thread:
 java.base@11.0.30/jdk.internal.misc.Unsafe.park(Native Method)
 java.base@11.0.30/java.util.concurrent.locks.LockSupport.parkNanos(LockSupport.java:234)
 java.base@11.0.30/java.util.concurrent.locks.AbstractQueuedSynchronizer$ConditionObject.awaitNanos(AbstractQueuedSynchronizer.java:2123)
 java.base@11.0.30/java.util.concurrent.ScheduledThreadPoolExecutor$DelayedWorkQueue.take(ScheduledThreadPoolExecutor.java:1182)
 java.base@11.0.30/java.util.concurrent.ScheduledThreadPoolExecutor$DelayedWorkQueue.take(ScheduledThreadPoolExecutor.java:899)
 java.base@11.0.30/java.util.concurrent.ThreadPoolExecutor.getTask(ThreadPoolExecutor.java:1054)
 java.base@11.0.30/java.util.concurrent.ThreadPoolExecutor.runWorker(ThreadPoolExecutor.java:1114)
 java.base@11.0.30/java.util.concurrent.ThreadPoolExecutor$Worker.run(ThreadPoolExecutor.java:628)
 java.base@11.0.30/java.lang.Thread.run(Thread.java:834)
2026-08-26 05:37:05.357 WARN  [o.a.c.l.WebappClassLoaderBase] The web application [ROOT] appears to have started a thread named [HrAppPool connection adder] but has failed to stop it. This is very likely to create a memory leak. Stack trace of thread:
 java.base@11.0.30/jdk.internal.misc.Unsafe.park(Native Method)
 java.base@11.0.30/java.util.concurrent.locks.LockSupport.parkNanos(LockSupport.java:234)
 java.base@11.0.30/java.util.concurrent.locks.AbstractQueuedSynchronizer$ConditionObject.awaitNanos(AbstractQueuedSynchronizer.java:2123)
 java.base@11.0.30/java.util.concurrent.LinkedBlockingQueue.poll(LinkedBlockingQueue.java:458)
 java.base@11.0.30/java.util.concurrent.ThreadPoolExecutor.getTask(ThreadPoolExecutor.java:1053)
 java.base@11.0.30/java.util.concurrent.ThreadPoolExecutor.runWorker(ThreadPoolExecutor.java:1114)
 java.base@11.0.30/java.util.concurrent.ThreadPoolExecutor$Worker.run(ThreadPoolExecutor.java:628)
 java.base@11.0.30/java.lang.Thread.run(Thread.java:834)
2026-08-26 05:37:09.041 WARN  [o.s.b.a.s.s.UserDetailsServiceAutoConfiguration] 

Using generated security password: ca3574a3-eba0-402c-8aa1-0ff75a46d44a

This generated password is for development use only. Your security configuration must be updated before running your application in production.

2026-08-26 05:37:09.427 INFO  [c.a.s.s.s.SendEmailScheduler] [SyncApprovalStatus] Bắt đầu đồng bộ trạng thái phê duyệt.
2026-08-26 05:37:09.448 INFO  [c.a.config.SqlOnlyInterceptor] SQL Execute | mapper=com.ait.sy.sys.mapper.SendEmailMapper.getSynchronizationApprovalList | caller=com.ait.sy.sys.service.impl.SendEmailServiceImpl.synchronizationApprovalStatus(SendEmailServiceImpl.java:467) | command=SELECT | params=[] | sql=SELECT * FROM ( SELECT ATT.APPLY_NO, ATT.PERSON_ID, ATT.LEAVE_TYPE_NO APPLY_TYPE_NO, ATT.LEAVE_TYPE_CODE APPLY_TYPE_CODE, (CASE WHEN ( TO_DATE(TO_CHAR(ATT.LEAVE_FROM_TIME, 'HH24:MI'), 'HH24:MI') > TO_DATE(SUBSTR(SUBSTR(GET_AR_SHIFT_TIME(GET_AR_SHIFTNO(ATT.PERSON_ID, TO_CHAR(ATT.LEAVE_FROM_TIME, 'YYYY/MM/DD'), 'HAE'), TO_CHAR(ATT.LEAVE_FROM_TIME, 'YYYY/MM/DD'), 'HAE', 'FIRST'), 0, 16), 12, 16), 'HH24:MI') ) THEN '1' ELSE '0' END) TIME_FLAG, ATT.BATCH_YN, ATT.BATCH_NO, ATT.MISDOCID FROM ESS_LEAVE_APPLY_TB ATT WHERE ATT.AFFIRM_FLAG NOT IN ('14014308', '14014309', '14014310') AND ATT.CPNY_ID = 'HAE' AND ATT.ACTIVITY = 1 AND ATT.SEND_EMAIL_FLAG = 1 AND ATT.LEAVE_FROM_TIME >= TO_DATE(TO_CHAR(ADD_MONTHS(SYSDATE,-1),'YYYY/MM/DD'),'YYYY/MM/DD') AND ATT.MISDOCID IS NOT NULL UNION ALL SELECT OT.APPLY_NO, OT.PERSON_ID, OT.OT_TYPE_NO APPLY_TYPE_NO, OT.OT_TYPE_CODE APPLY_TYPE_CODE, '0' TIME_FLAG, OT.BATCH_YN, OT.BATCH_NO, OT.MISDOCID FROM ESS_APPLY_OT OT WHERE OT.AFFIRM_FLAG NOT IN ('14014308', '14014309', '14014310') AND OT.CPNY_ID = 'HAE' AND OT.ACTIVITY = 1 AND OT.SEND_EMAIL_FLAG = 1 AND OT.APPLY_OT_DATE >= TO_DATE(TO_CHAR(ADD_MONTHS(SYSDATE,-1),'YYYY/MM/DD'),'YYYY/MM/DD') AND OT.MISDOCID IS NOT NULL UNION ALL SELECT OTO.APPLY_NO, OTO.PERSON_ID, OTO.OT_TYPE_NO APPLY_TYPE_NO, OTO.OT_TYPE_CODE APPLY_TYPE_CODE, '0' TIME_FLAG, OTO.BATCH_YN, OTO.BATCH_NO, OTO.MISDOCID FROM ESS_APPLY_OT_OVER OTO WHERE OTO.AFFIRM_FLAG NOT IN ('14014308', '14014309', '14014310') AND OTO.CPNY_ID = 'HAE' AND OTO.ACTIVITY = 1 AND OTO.SEND_EMAIL_FLAG = 1 AND OTO.APPLY_OT_DATE >= TO_DATE(TO_CHAR(ADD_MONTHS(SYSDATE,-1),'YYYY/MM/DD'),'YYYY/MM/DD') AND OTO.MISDOCID IS NOT NULL UNION ALL SELECT CARD.APPLY_NO, CARD.PERSON_ID, '218197' APPLY_TYPE_NO, CARD.ITEM_NO APPLY_TYPE_CODE, '0' TIME_FLAG, 0 BATCH_YN, 0 BATCH_NO, CARD.MISDOCID FROM ESS_CARD_APPLY_TB CARD WHERE CARD.AFFIRM_FLAG NOT IN ('14014308', '14014309', '14014310') AND CARD.CPNY_ID = 'HAE' AND CARD.ACTIVITY = '1' AND CARD.SEND_EMAIL_FLAG = 1 AND CARD.CREATE_DATE >= TO_DATE(TO_CHAR(ADD_MONTHS(SYSDATE,-1),'YYYY/MM/DD'),'YYYY/MM/DD') AND CARD.MISDOCID IS NOT NULL ) A ORDER BY A.APPLY_NO
2026-08-26 05:37:09.487 INFO  [c.a.config.SqlOnlyInterceptor] SQL Result  | mapper=com.ait.sy.sys.mapper.SendEmailMapper.getSynchronizationApprovalList | caller=com.ait.sy.sys.service.impl.SendEmailServiceImpl.synchronizationApprovalStatus(SendEmailServiceImpl.java:467) | rowsReturned=0 | took=39 ms
2026-08-26 05:37:09.488 INFO  [c.a.s.s.s.SendEmailScheduler] [SyncApprovalStatus] Hoàn tất đồng bộ trạng thái phê duyệt.
2026-08-26 05:37:13.332 WARN  [o.a.c.l.WebappClassLoaderBase] The web application [ROOT] appears to have started a thread named [HrAppPool housekeeper] but has failed to stop it. This is very likely to create a memory leak. Stack trace of thread:
 java.base@11.0.30/jdk.internal.misc.Unsafe.park(Native Method)
 java.base@11.0.30/java.util.concurrent.locks.LockSupport.parkNanos(LockSupport.java:234)
 java.base@11.0.30/java.util.concurrent.locks.AbstractQueuedSynchronizer$ConditionObject.awaitNanos(AbstractQueuedSynchronizer.java:2123)
 java.base@11.0.30/java.util.concurrent.ScheduledThreadPoolExecutor$DelayedWorkQueue.take(ScheduledThreadPoolExecutor.java:1182)
 java.base@11.0.30/java.util.concurrent.ScheduledThreadPoolExecutor$DelayedWorkQueue.take(ScheduledThreadPoolExecutor.java:899)
 java.base@11.0.30/java.util.concurrent.ThreadPoolExecutor.getTask(ThreadPoolExecutor.java:1054)
 java.base@11.0.30/java.util.concurrent.ThreadPoolExecutor.runWorker(ThreadPoolExecutor.java:1114)
 java.base@11.0.30/java.util.concurrent.ThreadPoolExecutor$Worker.run(ThreadPoolExecutor.java:628)
 java.base@11.0.30/java.lang.Thread.run(Thread.java:834)
2026-08-26 05:37:16.349 WARN  [o.s.b.a.s.s.UserDetailsServiceAutoConfiguration] 

Using generated security password: cfa9d768-750e-499e-ac29-2b45c42837af

This generated password is for development use only. Your security configuration must be updated before running your application in production.

2026-08-26 05:37:16.724 INFO  [c.a.s.s.s.SendEmailScheduler] [SyncApprovalStatus] Bắt đầu đồng bộ trạng thái phê duyệt.
2026-08-26 05:37:16.755 INFO  [c.a.config.SqlOnlyInterceptor] SQL Execute | mapper=com.ait.sy.sys.mapper.SendEmailMapper.getSynchronizationApprovalList | caller=com.ait.sy.sys.service.impl.SendEmailServiceImpl.synchronizationApprovalStatus(SendEmailServiceImpl.java:467) | command=SELECT | params=[] | sql=SELECT * FROM ( SELECT ATT.APPLY_NO, ATT.PERSON_ID, ATT.LEAVE_TYPE_NO APPLY_TYPE_NO, ATT.LEAVE_TYPE_CODE APPLY_TYPE_CODE, (CASE WHEN ( TO_DATE(TO_CHAR(ATT.LEAVE_FROM_TIME, 'HH24:MI'), 'HH24:MI') > TO_DATE(SUBSTR(SUBSTR(GET_AR_SHIFT_TIME(GET_AR_SHIFTNO(ATT.PERSON_ID, TO_CHAR(ATT.LEAVE_FROM_TIME, 'YYYY/MM/DD'), 'HAE'), TO_CHAR(ATT.LEAVE_FROM_TIME, 'YYYY/MM/DD'), 'HAE', 'FIRST'), 0, 16), 12, 16), 'HH24:MI') ) THEN '1' ELSE '0' END) TIME_FLAG, ATT.BATCH_YN, ATT.BATCH_NO, ATT.MISDOCID FROM ESS_LEAVE_APPLY_TB ATT WHERE ATT.AFFIRM_FLAG NOT IN ('14014308', '14014309', '14014310') AND ATT.CPNY_ID = 'HAE' AND ATT.ACTIVITY = 1 AND ATT.SEND_EMAIL_FLAG = 1 AND ATT.LEAVE_FROM_TIME >= TO_DATE(TO_CHAR(ADD_MONTHS(SYSDATE,-1),'YYYY/MM/DD'),'YYYY/MM/DD') AND ATT.MISDOCID IS NOT NULL UNION ALL SELECT OT.APPLY_NO, OT.PERSON_ID, OT.OT_TYPE_NO APPLY_TYPE_NO, OT.OT_TYPE_CODE APPLY_TYPE_CODE, '0' TIME_FLAG, OT.BATCH_YN, OT.BATCH_NO, OT.MISDOCID FROM ESS_APPLY_OT OT WHERE OT.AFFIRM_FLAG NOT IN ('14014308', '14014309', '14014310') AND OT.CPNY_ID = 'HAE' AND OT.ACTIVITY = 1 AND OT.SEND_EMAIL_FLAG = 1 AND OT.APPLY_OT_DATE >= TO_DATE(TO_CHAR(ADD_MONTHS(SYSDATE,-1),'YYYY/MM/DD'),'YYYY/MM/DD') AND OT.MISDOCID IS NOT NULL UNION ALL SELECT OTO.APPLY_NO, OTO.PERSON_ID, OTO.OT_TYPE_NO APPLY_TYPE_NO, OTO.OT_TYPE_CODE APPLY_TYPE_CODE, '0' TIME_FLAG, OTO.BATCH_YN, OTO.BATCH_NO, OTO.MISDOCID FROM ESS_APPLY_OT_OVER OTO WHERE OTO.AFFIRM_FLAG NOT IN ('14014308', '14014309', '14014310') AND OTO.CPNY_ID = 'HAE' AND OTO.ACTIVITY = 1 AND OTO.SEND_EMAIL_FLAG = 1 AND OTO.APPLY_OT_DATE >= TO_DATE(TO_CHAR(ADD_MONTHS(SYSDATE,-1),'YYYY/MM/DD'),'YYYY/MM/DD') AND OTO.MISDOCID IS NOT NULL UNION ALL SELECT CARD.APPLY_NO, CARD.PERSON_ID, '218197' APPLY_TYPE_NO, CARD.ITEM_NO APPLY_TYPE_CODE, '0' TIME_FLAG, 0 BATCH_YN, 0 BATCH_NO, CARD.MISDOCID FROM ESS_CARD_APPLY_TB CARD WHERE CARD.AFFIRM_FLAG NOT IN ('14014308', '14014309', '14014310') AND CARD.CPNY_ID = 'HAE' AND CARD.ACTIVITY = '1' AND CARD.SEND_EMAIL_FLAG = 1 AND CARD.CREATE_DATE >= TO_DATE(TO_CHAR(ADD_MONTHS(SYSDATE,-1),'YYYY/MM/DD'),'YYYY/MM/DD') AND CARD.MISDOCID IS NOT NULL ) A ORDER BY A.APPLY_NO
2026-08-26 05:37:16.787 INFO  [c.a.config.SqlOnlyInterceptor] SQL Result  | mapper=com.ait.sy.sys.mapper.SendEmailMapper.getSynchronizationApprovalList | caller=com.ait.sy.sys.service.impl.SendEmailServiceImpl.synchronizationApprovalStatus(SendEmailServiceImpl.java:467) | rowsReturned=0 | took=33 ms
2026-08-26 05:37:16.788 INFO  [c.a.s.s.s.SendEmailScheduler] [SyncApprovalStatus] Hoàn tất đồng bộ trạng thái phê duyệt.
2026-08-26 05:37:18.643 WARN  [o.a.c.l.WebappClassLoaderBase] The web application [ROOT] appears to have started a thread named [HrAppPool housekeeper] but has failed to stop it. This is very likely to create a memory leak. Stack trace of thread:
 java.base@11.0.30/jdk.internal.misc.Unsafe.park(Native Method)
 java.base@11.0.30/java.util.concurrent.locks.LockSupport.parkNanos(LockSupport.java:234)
 java.base@11.0.30/java.util.concurrent.locks.AbstractQueuedSynchronizer$ConditionObject.awaitNanos(AbstractQueuedSynchronizer.java:2123)
 java.base@11.0.30/java.util.concurrent.ScheduledThreadPoolExecutor$DelayedWorkQueue.take(ScheduledThreadPoolExecutor.java:1182)
 java.base@11.0.30/java.util.concurrent.ScheduledThreadPoolExecutor$DelayedWorkQueue.take(ScheduledThreadPoolExecutor.java:899)
 java.base@11.0.30/java.util.concurrent.ThreadPoolExecutor.getTask(ThreadPoolExecutor.java:1054)
 java.base@11.0.30/java.util.concurrent.ThreadPoolExecutor.runWorker(ThreadPoolExecutor.java:1114)
 java.base@11.0.30/java.util.concurrent.ThreadPoolExecutor$Worker.run(ThreadPoolExecutor.java:628)
 java.base@11.0.30/java.lang.Thread.run(Thread.java:834)
2026-08-26 05:37:18.644 WARN  [o.a.c.l.WebappClassLoaderBase] The web application [ROOT] appears to have started a thread named [HrAppPool connection adder] but has failed to stop it. This is very likely to create a memory leak. Stack trace of thread:
 java.base@11.0.30/jdk.internal.misc.Unsafe.park(Native Method)
 java.base@11.0.30/java.util.concurrent.locks.LockSupport.parkNanos(LockSupport.java:234)
 java.base@11.0.30/java.util.concurrent.locks.AbstractQueuedSynchronizer$ConditionObject.awaitNanos(AbstractQueuedSynchronizer.java:2123)
 java.base@11.0.30/java.util.concurrent.LinkedBlockingQueue.poll(LinkedBlockingQueue.java:458)
 java.base@11.0.30/java.util.concurrent.ThreadPoolExecutor.getTask(ThreadPoolExecutor.java:1053)
 java.base@11.0.30/java.util.concurrent.ThreadPoolExecutor.runWorker(ThreadPoolExecutor.java:1114)
 java.base@11.0.30/java.util.concurrent.ThreadPoolExecutor$Worker.run(ThreadPoolExecutor.java:628)
 java.base@11.0.30/java.lang.Thread.run(Thread.java:834)
2026-08-26 05:37:22.076 WARN  [o.s.b.a.s.s.UserDetailsServiceAutoConfiguration] 

Using generated security password: 4f2a0783-7d94-4fd0-9df8-1ed12fc4daf2

This generated password is for development use only. Your security configuration must be updated before running your application in production.

2026-08-26 05:37:22.409 INFO  [c.a.s.s.s.SendEmailScheduler] [SyncApprovalStatus] Bắt đầu đồng bộ trạng thái phê duyệt.
2026-08-26 05:37:22.427 INFO  [c.a.config.SqlOnlyInterceptor] SQL Execute | mapper=com.ait.sy.sys.mapper.SendEmailMapper.getSynchronizationApprovalList | caller=com.ait.sy.sys.service.impl.SendEmailServiceImpl.synchronizationApprovalStatus(SendEmailServiceImpl.java:467) | command=SELECT | params=[] | sql=SELECT * FROM ( SELECT ATT.APPLY_NO, ATT.PERSON_ID, ATT.LEAVE_TYPE_NO APPLY_TYPE_NO, ATT.LEAVE_TYPE_CODE APPLY_TYPE_CODE, (CASE WHEN ( TO_DATE(TO_CHAR(ATT.LEAVE_FROM_TIME, 'HH24:MI'), 'HH24:MI') > TO_DATE(SUBSTR(SUBSTR(GET_AR_SHIFT_TIME(GET_AR_SHIFTNO(ATT.PERSON_ID, TO_CHAR(ATT.LEAVE_FROM_TIME, 'YYYY/MM/DD'), 'HAE'), TO_CHAR(ATT.LEAVE_FROM_TIME, 'YYYY/MM/DD'), 'HAE', 'FIRST'), 0, 16), 12, 16), 'HH24:MI') ) THEN '1' ELSE '0' END) TIME_FLAG, ATT.BATCH_YN, ATT.BATCH_NO, ATT.MISDOCID FROM ESS_LEAVE_APPLY_TB ATT WHERE ATT.AFFIRM_FLAG NOT IN ('14014308', '14014309', '14014310') AND ATT.CPNY_ID = 'HAE' AND ATT.ACTIVITY = 1 AND ATT.SEND_EMAIL_FLAG = 1 AND ATT.LEAVE_FROM_TIME >= TO_DATE(TO_CHAR(ADD_MONTHS(SYSDATE,-1),'YYYY/MM/DD'),'YYYY/MM/DD') AND ATT.MISDOCID IS NOT NULL UNION ALL SELECT OT.APPLY_NO, OT.PERSON_ID, OT.OT_TYPE_NO APPLY_TYPE_NO, OT.OT_TYPE_CODE APPLY_TYPE_CODE, '0' TIME_FLAG, OT.BATCH_YN, OT.BATCH_NO, OT.MISDOCID FROM ESS_APPLY_OT OT WHERE OT.AFFIRM_FLAG NOT IN ('14014308', '14014309', '14014310') AND OT.CPNY_ID = 'HAE' AND OT.ACTIVITY = 1 AND OT.SEND_EMAIL_FLAG = 1 AND OT.APPLY_OT_DATE >= TO_DATE(TO_CHAR(ADD_MONTHS(SYSDATE,-1),'YYYY/MM/DD'),'YYYY/MM/DD') AND OT.MISDOCID IS NOT NULL UNION ALL SELECT OTO.APPLY_NO, OTO.PERSON_ID, OTO.OT_TYPE_NO APPLY_TYPE_NO, OTO.OT_TYPE_CODE APPLY_TYPE_CODE, '0' TIME_FLAG, OTO.BATCH_YN, OTO.BATCH_NO, OTO.MISDOCID FROM ESS_APPLY_OT_OVER OTO WHERE OTO.AFFIRM_FLAG NOT IN ('14014308', '14014309', '14014310') AND OTO.CPNY_ID = 'HAE' AND OTO.ACTIVITY = 1 AND OTO.SEND_EMAIL_FLAG = 1 AND OTO.APPLY_OT_DATE >= TO_DATE(TO_CHAR(ADD_MONTHS(SYSDATE,-1),'YYYY/MM/DD'),'YYYY/MM/DD') AND OTO.MISDOCID IS NOT NULL UNION ALL SELECT CARD.APPLY_NO, CARD.PERSON_ID, '218197' APPLY_TYPE_NO, CARD.ITEM_NO APPLY_TYPE_CODE, '0' TIME_FLAG, 0 BATCH_YN, 0 BATCH_NO, CARD.MISDOCID FROM ESS_CARD_APPLY_TB CARD WHERE CARD.AFFIRM_FLAG NOT IN ('14014308', '14014309', '14014310') AND CARD.CPNY_ID = 'HAE' AND CARD.ACTIVITY = '1' AND CARD.SEND_EMAIL_FLAG = 1 AND CARD.CREATE_DATE >= TO_DATE(TO_CHAR(ADD_MONTHS(SYSDATE,-1),'YYYY/MM/DD'),'YYYY/MM/DD') AND CARD.MISDOCID IS NOT NULL ) A ORDER BY A.APPLY_NO
2026-08-26 05:37:22.459 INFO  [c.a.config.SqlOnlyInterceptor] SQL Result  | mapper=com.ait.sy.sys.mapper.SendEmailMapper.getSynchronizationApprovalList | caller=com.ait.sy.sys.service.impl.SendEmailServiceImpl.synchronizationApprovalStatus(SendEmailServiceImpl.java:467) | rowsReturned=0 | took=32 ms
2026-08-26 05:37:22.461 INFO  [c.a.s.s.s.SendEmailScheduler] [SyncApprovalStatus] Hoàn tất đồng bộ trạng thái phê duyệt.
2026-08-26 05:37:26.350 WARN  [o.a.c.l.WebappClassLoaderBase] The web application [ROOT] appears to have started a thread named [HrAppPool housekeeper] but has failed to stop it. This is very likely to create a memory leak. Stack trace of thread:
 java.base@11.0.30/jdk.internal.misc.Unsafe.park(Native Method)
 java.base@11.0.30/java.util.concurrent.locks.LockSupport.parkNanos(LockSupport.java:234)
 java.base@11.0.30/java.util.concurrent.locks.AbstractQueuedSynchronizer$ConditionObject.awaitNanos(AbstractQueuedSynchronizer.java:2123)
 java.base@11.0.30/java.util.concurrent.ScheduledThreadPoolExecutor$DelayedWorkQueue.take(ScheduledThreadPoolExecutor.java:1182)
 java.base@11.0.30/java.util.concurrent.ScheduledThreadPoolExecutor$DelayedWorkQueue.take(ScheduledThreadPoolExecutor.java:899)
 java.base@11.0.30/java.util.concurrent.ThreadPoolExecutor.getTask(ThreadPoolExecutor.java:1054)
 java.base@11.0.30/java.util.concurrent.ThreadPoolExecutor.runWorker(ThreadPoolExecutor.java:1114)
 java.base@11.0.30/java.util.concurrent.ThreadPoolExecutor$Worker.run(ThreadPoolExecutor.java:628)
 java.base@11.0.30/java.lang.Thread.run(Thread.java:834)
2026-08-26 05:37:29.082 WARN  [o.s.b.a.s.s.UserDetailsServiceAutoConfiguration] 

Using generated security password: 59c614d0-fcbd-48af-8b59-9316b074e6bd

This generated password is for development use only. Your security configuration must be updated before running your application in production.

2026-08-26 05:37:29.520 INFO  [c.a.s.s.s.SendEmailScheduler] [SyncApprovalStatus] Bắt đầu đồng bộ trạng thái phê duyệt.
2026-08-26 05:37:29.545 INFO  [c.a.config.SqlOnlyInterceptor] SQL Execute | mapper=com.ait.sy.sys.mapper.SendEmailMapper.getSynchronizationApprovalList | caller=com.ait.sy.sys.service.impl.SendEmailServiceImpl.synchronizationApprovalStatus(SendEmailServiceImpl.java:467) | command=SELECT | params=[] | sql=SELECT * FROM ( SELECT ATT.APPLY_NO, ATT.PERSON_ID, ATT.LEAVE_TYPE_NO APPLY_TYPE_NO, ATT.LEAVE_TYPE_CODE APPLY_TYPE_CODE, (CASE WHEN ( TO_DATE(TO_CHAR(ATT.LEAVE_FROM_TIME, 'HH24:MI'), 'HH24:MI') > TO_DATE(SUBSTR(SUBSTR(GET_AR_SHIFT_TIME(GET_AR_SHIFTNO(ATT.PERSON_ID, TO_CHAR(ATT.LEAVE_FROM_TIME, 'YYYY/MM/DD'), 'HAE'), TO_CHAR(ATT.LEAVE_FROM_TIME, 'YYYY/MM/DD'), 'HAE', 'FIRST'), 0, 16), 12, 16), 'HH24:MI') ) THEN '1' ELSE '0' END) TIME_FLAG, ATT.BATCH_YN, ATT.BATCH_NO, ATT.MISDOCID FROM ESS_LEAVE_APPLY_TB ATT WHERE ATT.AFFIRM_FLAG NOT IN ('14014308', '14014309', '14014310') AND ATT.CPNY_ID = 'HAE' AND ATT.ACTIVITY = 1 AND ATT.SEND_EMAIL_FLAG = 1 AND ATT.LEAVE_FROM_TIME >= TO_DATE(TO_CHAR(ADD_MONTHS(SYSDATE,-1),'YYYY/MM/DD'),'YYYY/MM/DD') AND ATT.MISDOCID IS NOT NULL UNION ALL SELECT OT.APPLY_NO, OT.PERSON_ID, OT.OT_TYPE_NO APPLY_TYPE_NO, OT.OT_TYPE_CODE APPLY_TYPE_CODE, '0' TIME_FLAG, OT.BATCH_YN, OT.BATCH_NO, OT.MISDOCID FROM ESS_APPLY_OT OT WHERE OT.AFFIRM_FLAG NOT IN ('14014308', '14014309', '14014310') AND OT.CPNY_ID = 'HAE' AND OT.ACTIVITY = 1 AND OT.SEND_EMAIL_FLAG = 1 AND OT.APPLY_OT_DATE >= TO_DATE(TO_CHAR(ADD_MONTHS(SYSDATE,-1),'YYYY/MM/DD'),'YYYY/MM/DD') AND OT.MISDOCID IS NOT NULL UNION ALL SELECT OTO.APPLY_NO, OTO.PERSON_ID, OTO.OT_TYPE_NO APPLY_TYPE_NO, OTO.OT_TYPE_CODE APPLY_TYPE_CODE, '0' TIME_FLAG, OTO.BATCH_YN, OTO.BATCH_NO, OTO.MISDOCID FROM ESS_APPLY_OT_OVER OTO WHERE OTO.AFFIRM_FLAG NOT IN ('14014308', '14014309', '14014310') AND OTO.CPNY_ID = 'HAE' AND OTO.ACTIVITY = 1 AND OTO.SEND_EMAIL_FLAG = 1 AND OTO.APPLY_OT_DATE >= TO_DATE(TO_CHAR(ADD_MONTHS(SYSDATE,-1),'YYYY/MM/DD'),'YYYY/MM/DD') AND OTO.MISDOCID IS NOT NULL UNION ALL SELECT CARD.APPLY_NO, CARD.PERSON_ID, '218197' APPLY_TYPE_NO, CARD.ITEM_NO APPLY_TYPE_CODE, '0' TIME_FLAG, 0 BATCH_YN, 0 BATCH_NO, CARD.MISDOCID FROM ESS_CARD_APPLY_TB CARD WHERE CARD.AFFIRM_FLAG NOT IN ('14014308', '14014309', '14014310') AND CARD.CPNY_ID = 'HAE' AND CARD.ACTIVITY = '1' AND CARD.SEND_EMAIL_FLAG = 1 AND CARD.CREATE_DATE >= TO_DATE(TO_CHAR(ADD_MONTHS(SYSDATE,-1),'YYYY/MM/DD'),'YYYY/MM/DD') AND CARD.MISDOCID IS NOT NULL ) A ORDER BY A.APPLY_NO
2026-08-26 05:37:29.576 INFO  [c.a.config.SqlOnlyInterceptor] SQL Result  | mapper=com.ait.sy.sys.mapper.SendEmailMapper.getSynchronizationApprovalList | caller=com.ait.sy.sys.service.impl.SendEmailServiceImpl.synchronizationApprovalStatus(SendEmailServiceImpl.java:467) | rowsReturned=0 | took=31 ms
2026-08-26 05:37:29.577 INFO  [c.a.s.s.s.SendEmailScheduler] [SyncApprovalStatus] Hoàn tất đồng bộ trạng thái phê duyệt.
2026-08-26 05:37:33.460 WARN  [o.a.c.l.WebappClassLoaderBase] The web application [ROOT] appears to have started a thread named [HrAppPool housekeeper] but has failed to stop it. This is very likely to create a memory leak. Stack trace of thread:
 java.base@11.0.30/jdk.internal.misc.Unsafe.park(Native Method)
 java.base@11.0.30/java.util.concurrent.locks.LockSupport.parkNanos(LockSupport.java:234)
 java.base@11.0.30/java.util.concurrent.locks.AbstractQueuedSynchronizer$ConditionObject.awaitNanos(AbstractQueuedSynchronizer.java:2123)
 java.base@11.0.30/java.util.concurrent.ScheduledThreadPoolExecutor$DelayedWorkQueue.take(ScheduledThreadPoolExecutor.java:1182)
 java.base@11.0.30/java.util.concurrent.ScheduledThreadPoolExecutor$DelayedWorkQueue.take(ScheduledThreadPoolExecutor.java:899)
 java.base@11.0.30/java.util.concurrent.ThreadPoolExecutor.getTask(ThreadPoolExecutor.java:1054)
 java.base@11.0.30/java.util.concurrent.ThreadPoolExecutor.runWorker(ThreadPoolExecutor.java:1114)
 java.base@11.0.30/java.util.concurrent.ThreadPoolExecutor$Worker.run(ThreadPoolExecutor.java:628)
 java.base@11.0.30/java.lang.Thread.run(Thread.java:834)
2026-08-26 05:37:36.804 WARN  [o.s.b.a.s.s.UserDetailsServiceAutoConfiguration] 

Using generated security password: 628be3e8-cb1b-40bf-9ce7-b870afdc216e

This generated password is for development use only. Your security configuration must be updated before running your application in production.

2026-08-26 05:37:37.144 INFO  [c.a.s.s.s.SendEmailScheduler] [SyncApprovalStatus] Bắt đầu đồng bộ trạng thái phê duyệt.
2026-08-26 05:37:37.171 INFO  [c.a.config.SqlOnlyInterceptor] SQL Execute | mapper=com.ait.sy.sys.mapper.SendEmailMapper.getSynchronizationApprovalList | caller=com.ait.sy.sys.service.impl.SendEmailServiceImpl.synchronizationApprovalStatus(SendEmailServiceImpl.java:467) | command=SELECT | params=[] | sql=SELECT * FROM ( SELECT ATT.APPLY_NO, ATT.PERSON_ID, ATT.LEAVE_TYPE_NO APPLY_TYPE_NO, ATT.LEAVE_TYPE_CODE APPLY_TYPE_CODE, (CASE WHEN ( TO_DATE(TO_CHAR(ATT.LEAVE_FROM_TIME, 'HH24:MI'), 'HH24:MI') > TO_DATE(SUBSTR(SUBSTR(GET_AR_SHIFT_TIME(GET_AR_SHIFTNO(ATT.PERSON_ID, TO_CHAR(ATT.LEAVE_FROM_TIME, 'YYYY/MM/DD'), 'HAE'), TO_CHAR(ATT.LEAVE_FROM_TIME, 'YYYY/MM/DD'), 'HAE', 'FIRST'), 0, 16), 12, 16), 'HH24:MI') ) THEN '1' ELSE '0' END) TIME_FLAG, ATT.BATCH_YN, ATT.BATCH_NO, ATT.MISDOCID FROM ESS_LEAVE_APPLY_TB ATT WHERE ATT.AFFIRM_FLAG NOT IN ('14014308', '14014309', '14014310') AND ATT.CPNY_ID = 'HAE' AND ATT.ACTIVITY = 1 AND ATT.SEND_EMAIL_FLAG = 1 AND ATT.LEAVE_FROM_TIME >= TO_DATE(TO_CHAR(ADD_MONTHS(SYSDATE,-1),'YYYY/MM/DD'),'YYYY/MM/DD') AND ATT.MISDOCID IS NOT NULL UNION ALL SELECT OT.APPLY_NO, OT.PERSON_ID, OT.OT_TYPE_NO APPLY_TYPE_NO, OT.OT_TYPE_CODE APPLY_TYPE_CODE, '0' TIME_FLAG, OT.BATCH_YN, OT.BATCH_NO, OT.MISDOCID FROM ESS_APPLY_OT OT WHERE OT.AFFIRM_FLAG NOT IN ('14014308', '14014309', '14014310') AND OT.CPNY_ID = 'HAE' AND OT.ACTIVITY = 1 AND OT.SEND_EMAIL_FLAG = 1 AND OT.APPLY_OT_DATE >= TO_DATE(TO_CHAR(ADD_MONTHS(SYSDATE,-1),'YYYY/MM/DD'),'YYYY/MM/DD') AND OT.MISDOCID IS NOT NULL UNION ALL SELECT OTO.APPLY_NO, OTO.PERSON_ID, OTO.OT_TYPE_NO APPLY_TYPE_NO, OTO.OT_TYPE_CODE APPLY_TYPE_CODE, '0' TIME_FLAG, OTO.BATCH_YN, OTO.BATCH_NO, OTO.MISDOCID FROM ESS_APPLY_OT_OVER OTO WHERE OTO.AFFIRM_FLAG NOT IN ('14014308', '14014309', '14014310') AND OTO.CPNY_ID = 'HAE' AND OTO.ACTIVITY = 1 AND OTO.SEND_EMAIL_FLAG = 1 AND OTO.APPLY_OT_DATE >= TO_DATE(TO_CHAR(ADD_MONTHS(SYSDATE,-1),'YYYY/MM/DD'),'YYYY/MM/DD') AND OTO.MISDOCID IS NOT NULL UNION ALL SELECT CARD.APPLY_NO, CARD.PERSON_ID, '218197' APPLY_TYPE_NO, CARD.ITEM_NO APPLY_TYPE_CODE, '0' TIME_FLAG, 0 BATCH_YN, 0 BATCH_NO, CARD.MISDOCID FROM ESS_CARD_APPLY_TB CARD WHERE CARD.AFFIRM_FLAG NOT IN ('14014308', '14014309', '14014310') AND CARD.CPNY_ID = 'HAE' AND CARD.ACTIVITY = '1' AND CARD.SEND_EMAIL_FLAG = 1 AND CARD.CREATE_DATE >= TO_DATE(TO_CHAR(ADD_MONTHS(SYSDATE,-1),'YYYY/MM/DD'),'YYYY/MM/DD') AND CARD.MISDOCID IS NOT NULL ) A ORDER BY A.APPLY_NO
2026-08-26 05:37:37.206 INFO  [c.a.config.SqlOnlyInterceptor] SQL Result  | mapper=com.ait.sy.sys.mapper.SendEmailMapper.getSynchronizationApprovalList | caller=com.ait.sy.sys.service.impl.SendEmailServiceImpl.synchronizationApprovalStatus(SendEmailServiceImpl.java:467) | rowsReturned=0 | took=35 ms
2026-08-26 05:37:37.208 INFO  [c.a.s.s.s.SendEmailScheduler] [SyncApprovalStatus] Hoàn tất đồng bộ trạng thái phê duyệt.
2026-08-26 05:37:38.904 WARN  [o.a.c.l.WebappClassLoaderBase] The web application [ROOT] appears to have started a thread named [HrAppPool housekeeper] but has failed to stop it. This is very likely to create a memory leak. Stack trace of thread:
 java.base@11.0.30/jdk.internal.misc.Unsafe.park(Native Method)
 java.base@11.0.30/java.util.concurrent.locks.LockSupport.parkNanos(LockSupport.java:234)
 java.base@11.0.30/java.util.concurrent.locks.AbstractQueuedSynchronizer$ConditionObject.awaitNanos(AbstractQueuedSynchronizer.java:2123)
 java.base@11.0.30/java.util.concurrent.ScheduledThreadPoolExecutor$DelayedWorkQueue.take(ScheduledThreadPoolExecutor.java:1182)
 java.base@11.0.30/java.util.concurrent.ScheduledThreadPoolExecutor$DelayedWorkQueue.take(ScheduledThreadPoolExecutor.java:899)
 java.base@11.0.30/java.util.concurrent.ThreadPoolExecutor.getTask(ThreadPoolExecutor.java:1054)
 java.base@11.0.30/java.util.concurrent.ThreadPoolExecutor.runWorker(ThreadPoolExecutor.java:1114)
 java.base@11.0.30/java.util.concurrent.ThreadPoolExecutor$Worker.run(ThreadPoolExecutor.java:628)
 java.base@11.0.30/java.lang.Thread.run(Thread.java:834)
2026-08-26 05:37:38.904 WARN  [o.a.c.l.WebappClassLoaderBase] The web application [ROOT] appears to have started a thread named [HrAppPool connection adder] but has failed to stop it. This is very likely to create a memory leak. Stack trace of thread:
 java.base@11.0.30/jdk.internal.misc.Unsafe.park(Native Method)
 java.base@11.0.30/java.util.concurrent.locks.LockSupport.parkNanos(LockSupport.java:234)
 java.base@11.0.30/java.util.concurrent.locks.AbstractQueuedSynchronizer$ConditionObject.awaitNanos(AbstractQueuedSynchronizer.java:2123)
 java.base@11.0.30/java.util.concurrent.LinkedBlockingQueue.poll(LinkedBlockingQueue.java:458)
 java.base@11.0.30/java.util.concurrent.ThreadPoolExecutor.getTask(ThreadPoolExecutor.java:1053)
 java.base@11.0.30/java.util.concurrent.ThreadPoolExecutor.runWorker(ThreadPoolExecutor.java:1114)
 java.base@11.0.30/java.util.concurrent.ThreadPoolExecutor$Worker.run(ThreadPoolExecutor.java:628)
 java.base@11.0.30/java.lang.Thread.run(Thread.java:834)
2026-08-26 05:37:42.170 WARN  [o.s.b.a.s.s.UserDetailsServiceAutoConfiguration] 

Using generated security password: e9e95229-85ed-4a2b-8d6e-c2c479801bbf

This generated password is for development use only. Your security configuration must be updated before running your application in production.

2026-08-26 05:56:52.157 WARN  [o.s.b.a.s.s.UserDetailsServiceAutoConfiguration] 

Using generated security password: 12e92fd8-98e2-425f-a046-447ca493317a

This generated password is for development use only. Your security configuration must be updated before running your application in production.

2026-08-26 05:56:53.879 INFO  [c.a.s.s.s.SendEmailScheduler] [SyncApprovalStatus] Bắt đầu đồng bộ trạng thái phê duyệt.
2026-08-26 05:56:54.093 WARN  [o.apache.axis.utils.JavaUtils] Unable to find required classes (javax.activation.DataHandler and javax.mail.internet.MimeMultipart). Attachment support is disabled.
2026-08-26 05:56:54.253 INFO  [c.a.config.SqlOnlyInterceptor] SQL Execute | mapper=com.ait.sy.sys.mapper.SendEmailMapper.getSynchronizationApprovalList | caller=com.ait.sy.sys.service.impl.SendEmailServiceImpl.synchronizationApprovalStatus(SendEmailServiceImpl.java:467) | command=SELECT | params=[] | sql=SELECT * FROM ( SELECT ATT.APPLY_NO, ATT.PERSON_ID, ATT.LEAVE_TYPE_NO APPLY_TYPE_NO, ATT.LEAVE_TYPE_CODE APPLY_TYPE_CODE, (CASE WHEN ( TO_DATE(TO_CHAR(ATT.LEAVE_FROM_TIME, 'HH24:MI'), 'HH24:MI') > TO_DATE(SUBSTR(SUBSTR(GET_AR_SHIFT_TIME(GET_AR_SHIFTNO(ATT.PERSON_ID, TO_CHAR(ATT.LEAVE_FROM_TIME, 'YYYY/MM/DD'), 'HAE'), TO_CHAR(ATT.LEAVE_FROM_TIME, 'YYYY/MM/DD'), 'HAE', 'FIRST'), 0, 16), 12, 16), 'HH24:MI') ) THEN '1' ELSE '0' END) TIME_FLAG, ATT.BATCH_YN, ATT.BATCH_NO, ATT.MISDOCID FROM ESS_LEAVE_APPLY_TB ATT WHERE ATT.AFFIRM_FLAG NOT IN ('14014308', '14014309', '14014310') AND ATT.CPNY_ID = 'HAE' AND ATT.ACTIVITY = 1 AND ATT.SEND_EMAIL_FLAG = 1 AND ATT.LEAVE_FROM_TIME >= TO_DATE(TO_CHAR(ADD_MONTHS(SYSDATE,-1),'YYYY/MM/DD'),'YYYY/MM/DD') AND ATT.MISDOCID IS NOT NULL UNION ALL SELECT OT.APPLY_NO, OT.PERSON_ID, OT.OT_TYPE_NO APPLY_TYPE_NO, OT.OT_TYPE_CODE APPLY_TYPE_CODE, '0' TIME_FLAG, OT.BATCH_YN, OT.BATCH_NO, OT.MISDOCID FROM ESS_APPLY_OT OT WHERE OT.AFFIRM_FLAG NOT IN ('14014308', '14014309', '14014310') AND OT.CPNY_ID = 'HAE' AND OT.ACTIVITY = 1 AND OT.SEND_EMAIL_FLAG = 1 AND OT.APPLY_OT_DATE >= TO_DATE(TO_CHAR(ADD_MONTHS(SYSDATE,-1),'YYYY/MM/DD'),'YYYY/MM/DD') AND OT.MISDOCID IS NOT NULL UNION ALL SELECT OTO.APPLY_NO, OTO.PERSON_ID, OTO.OT_TYPE_NO APPLY_TYPE_NO, OTO.OT_TYPE_CODE APPLY_TYPE_CODE, '0' TIME_FLAG, OTO.BATCH_YN, OTO.BATCH_NO, OTO.MISDOCID FROM ESS_APPLY_OT_OVER OTO WHERE OTO.AFFIRM_FLAG NOT IN ('14014308', '14014309', '14014310') AND OTO.CPNY_ID = 'HAE' AND OTO.ACTIVITY = 1 AND OTO.SEND_EMAIL_FLAG = 1 AND OTO.APPLY_OT_DATE >= TO_DATE(TO_CHAR(ADD_MONTHS(SYSDATE,-1),'YYYY/MM/DD'),'YYYY/MM/DD') AND OTO.MISDOCID IS NOT NULL UNION ALL SELECT CARD.APPLY_NO, CARD.PERSON_ID, '218197' APPLY_TYPE_NO, CARD.ITEM_NO APPLY_TYPE_CODE, '0' TIME_FLAG, 0 BATCH_YN, 0 BATCH_NO, CARD.MISDOCID FROM ESS_CARD_APPLY_TB CARD WHERE CARD.AFFIRM_FLAG NOT IN ('14014308', '14014309', '14014310') AND CARD.CPNY_ID = 'HAE' AND CARD.ACTIVITY = '1' AND CARD.SEND_EMAIL_FLAG = 1 AND CARD.CREATE_DATE >= TO_DATE(TO_CHAR(ADD_MONTHS(SYSDATE,-1),'YYYY/MM/DD'),'YYYY/MM/DD') AND CARD.MISDOCID IS NOT NULL ) A ORDER BY A.APPLY_NO
2026-08-26 05:56:54.478 INFO  [c.a.config.SqlOnlyInterceptor] SQL Result  | mapper=com.ait.sy.sys.mapper.SendEmailMapper.getSynchronizationApprovalList | caller=com.ait.sy.sys.service.impl.SendEmailServiceImpl.synchronizationApprovalStatus(SendEmailServiceImpl.java:467) | rowsReturned=0 | took=227 ms
2026-08-26 05:56:54.484 INFO  [c.a.s.s.s.SendEmailScheduler] [SyncApprovalStatus] Hoàn tất đồng bộ trạng thái phê duyệt.
2026-08-26 05:57:00.984 WARN  [o.a.c.u.SessionIdGeneratorBase] Creation of SecureRandom instance for session ID generation using [SHA1PRNG] took [340] milliseconds.
2026-08-26 05:57:00.995 INFO  [c.a.s.s.c.AuthController] [CSRF-DEBUG] GET /login sessionId=D5070F5CE9EE50FA0E796CB07ADAD1F4 isNew=true csrfToken=Grbr0BSv...(len=43)
2026-08-26 05:57:23.006 INFO  [c.a.config.SqlOnlyInterceptor] SQL Execute | mapper=com.ait.sy.syRole.mapper.SyUserMapper.findByUserName | caller=com.ait.sy.sys.service.impl.HrAuthenticationServiceImpl.authenticate(HrAuthenticationServiceImpl.java:74) | command=SELECT | params=[userName='admin'] | sql=SELECT USER_NO, PERSON_ID, CPNY_ID, USER_NAME, PASSWORD, SPECIAL_PARAM, SPECIAL_VALUE, USER_TYPE, PASSWORD_FIRST, PASSWORD_SECOND, PASSWORD_THIRD, CREATE_DATE, CREATED_BY, UPDATE_DATE, UPDATED_BY, ORDERNO, ACTIVITY, PERSONAL_DATA_FLAG, PERSONAL_DATA_UPDATE_DATE, PERSONAL_DATA_UPDATED_IP, PERSONAL_DATA_UPDATED_BY, PERSONAL_SEND_DATA_FLAG, PERSONAL_SEND_DATA_UPDATE_DATE, PERSONAL_SEND_DATA_UPDATED_IP, PERSONAL_SEND_DATA_UPDATED_BY FROM sy_user WHERE USER_NAME = 'admin'
2026-08-26 05:57:23.069 INFO  [c.a.config.SqlOnlyInterceptor] SQL Result  | mapper=com.ait.sy.syRole.mapper.SyUserMapper.findByUserName | caller=com.ait.sy.sys.service.impl.HrAuthenticationServiceImpl.authenticate(HrAuthenticationServiceImpl.java:74) | rowsReturned=1 | took=65 ms
2026-08-26 05:57:23.517 INFO  [c.a.config.SqlOnlyInterceptor] SQL Execute | mapper=com.ait.hrm.empinfo.mapper.HrEmployeeMapper.findByPersonId | caller=com.ait.sy.sys.service.impl.HrAuthenticationServiceImpl.authenticate(HrAuthenticationServiceImpl.java:100) | command=SELECT | params=[personId='11111112'] | sql=SELECT he.EMPID, he.CHINESE_PINYIN, he.ENGLISH_NAME, he.POSITION_NO, he.POST_GRADE_NO, he.DATE_STARTED, he.END_PROBATION_DATE, he.EMP_TYPE_CODE, he.CPNY_ID, he.PERSON_ID, he.DEPTNO, he.LOCAL_NAME, he.WORK_AREA, he.CREATE_DATE, he.CREATED_BY, he.UPDATE_DATE, he.UPDATED_BY, he.ACTIVITY, he.MAIN_BUSINESS, he.EXPERIENCE, he.UPDATED_IP, he.CREATED_IP, he.KOREAN_NAME, he.EMP_COMMON_TYPE_CODE, he.STANDARD_POSITION, he.DUTY_NO, he.POST_NO, he.STATUS_CODE, he.DATE_LEFT, he.ID_CARD_NO, he.SHIFT_NO, he.EMP_OFFICE, he.INCUMBENCY, he.PROMOTION_DAY, he.POST_FAMILY, he.AFFIRM_WORK_AGE, he.WORK_HOUR_TYPE, he.DIRECT_INDIRECT_DISTINCTION, he.RECRUIT_TYPE, he.INSURANCE_TYPE, he.INSURANCE_AREA, he.FILENUMBER, he.EMPLOYEE_OWNED, he.WAGE_TYPE, he.POSITION, he.DATE_LAST_UP, he.RECOMMEND, he.DATE_GROUP_ENTRY, he.LAST_HAOFENG_DATE, he.ASSIGNMENT_INFORMATION, he.COST_CENTER, he.PAY_STEP_NO, he.PHONE_CARD_NO, he.LIZHIREASON, he.SOCIAL_DIFFERENTIATION, he.IS_PROBATION, he.PERSON_SUPPLIER_COMPANY, he.OT_LIMIT, he.OT_LIMIT_100, he.UPDATED_OT_LIMIT_BY, he.UPDATE_OT_LIMIT_DATE FROM hr_employee he WHERE he.PERSON_ID = '11111112'
2026-08-26 05:57:23.544 INFO  [c.a.config.SqlOnlyInterceptor] SQL Result  | mapper=com.ait.hrm.empinfo.mapper.HrEmployeeMapper.findByPersonId | caller=com.ait.sy.sys.service.impl.HrAuthenticationServiceImpl.authenticate(HrAuthenticationServiceImpl.java:100) | rowsReturned=1 | took=28 ms
2026-08-26 05:57:23.546 INFO  [c.a.config.SqlOnlyInterceptor] SQL Execute | mapper=com.ait.hrm.empinfo.mapper.HrPersonalInfoMapper.findByPersonId | caller=com.ait.sy.sys.service.impl.HrAuthenticationServiceImpl.authenticate(HrAuthenticationServiceImpl.java:113) | command=SELECT | params=[lang='vi', lang='vi', lang='vi', lang='vi', lang='vi', personId='11111112'] | sql=SELECT hp.PERSON_ID, hp.FINAL_DEGREE_CODE, GET_GLOBAL_NAME(hp.FINAL_DEGREE_CODE, 'vi') as FINAL_DEGREE_NAME, hp.SEXCODE, GET_GLOBAL_NAME(hp.SEXCODE, 'vi') as SEX_NAME, hp.DOB, hp.NATION_CODE, GET_GLOBAL_NAME(hp.NATION_CODE, 'vi') as NATION_NAME, hp.NATIONALITY_CODE, GET_GLOBAL_NAME(hp.NATIONALITY_CODE, 'vi') as NATIONALITY_NAME, hp.MARITAL_STATUS_CODE, GET_GLOBAL_NAME(hp.MARITAL_STATUS_CODE, 'vi') as MARITAL_STATUS_NAME, hp.WEDDING_DATE, hp.IDCARD_NO, hp.HOME_ADDRESS, hp.EMAIL, hp.REG_TYPE_CODE, hp.REG_PLACE, hp.OFFICE_PHONE, hp.HOME_PHONE, hp.CELLPHONE, hp.PHOTO_PATH, hp.HOUSE_TP, hp.WEDD_DATE, hp.CREATE_DATE, hp.CREATED_BY, hp.UPDATE_DATE, hp.UPDATED_BY, hp.ORDERNO, hp.ACTIVITY, hp.RESIDENTIAL_DISTINCTION, hp.EXIST_SINGLE, hp.SING_ID, hp.COMPANY_PHONE, hp.EMAIL_SECOND, hp.FILE_LOCATION, hp.FILE_ENTER, hp.FILE_OUT, hp.CREATED_IP, hp.UPDATED_IP, hp.CONTACT_PHONE, hp.EXT, hp.INTERESTED, hp.OLD_DEPARTMENT, hp.MARRIAGE_SUPPLEMENT, hp.CHARACTER_CODE, hp.SAFE_TYPE_CODE, hp.POLITICAL_STATUS, hp.CHILDREN_CODE, hp.SAFE_ADDRESS_CODE, hp.INSURANCE_DISTINGUISH, hp.IDCARD_EXPIRE_DATE, hp.LONG_TERM, hp.REMARK, hp.GROUP_RESIDENCE, hp.INSURANCE_XZ, hp.DOCUMENT_TYPE, hp.RELIGION, hp.ORIGIN, hp.IDCARD_START_DATE, hp.BECOME_REGULAR_EVALUATE, hp.POLITICAL_OUTLOOK, hp.ISSUING_AUTHORITY, hp.CV_UPDATE_STATUS, hp.ARMY_OR_NOT, hp.OBSTACLE_OR_NOT, hp.GRADUATION_ACHIEVEMENT, hp.AVERAGE_SCORE, hp.LANGUAGE_ABILITY, hp.HEIGHT, hp.WEIGHT, hp.PERSON_SUPPLIER_COMPANY FROM hr_personal_info hp WHERE hp.PERSON_ID = '11111112' AND hp.ACTIVITY = 1
2026-08-26 05:57:23.594 INFO  [c.a.config.SqlOnlyInterceptor] SQL Result  | mapper=com.ait.hrm.empinfo.mapper.HrPersonalInfoMapper.findByPersonId | caller=com.ait.sy.sys.service.impl.HrAuthenticationServiceImpl.authenticate(HrAuthenticationServiceImpl.java:113) | rowsReturned=1 | took=49 ms
2026-08-26 05:57:23.596 INFO  [c.a.config.SqlOnlyInterceptor] SQL Execute | mapper=com.ait.org.orgManage.mapper.HrDepartmentMapper.findByDeptNo | caller=com.ait.sy.sys.service.impl.HrAuthenticationServiceImpl.authenticate(HrAuthenticationServiceImpl.java:120) | command=SELECT | params=[deptNo='HAE'] | sql=SELECT hd.DEPTID, hd.CPNY_ID, hd.DATE_CREATED, hd.DATE_ENDED, hd.DEPT_LEVEL, hd.MANAGER_EMP_ID, hd.DEPTNO, hd.PARENT_DEPT_NO, hd.WORK_AREA, hd.DEPT_TYPE, hd.ORG_NAME_ENG, hd.ORG_NAME_LOCAL, hd.ORG_LEVEL, hd.COST_CENTER, hd.USE_YN, hd.CREATE_DATE, hd.CREATED_BY, hd.UPDATE_DATE, hd.UPDATED_BY, hd.ORDERNO, hd.ACTIVITY, hd.IS_DEPT, hd.IS_PART_TIME, hd.PRODUCT_TYPE, hd.CREATED_IP, hd.UPDATED_IP, hd.RESUME_NO, hd.REMARK, hd.FEE_STANDARD, hd.DEPT_DISTINGUISH_STANDARD, hd.PREP_MANAGER_EMP_ID, hd.ORDER_NO, hd.ORG_NAME_KO, hd.ORG_NAME_VI FROM hr_department hd WHERE hd.DEPTNO = 'HAE'
2026-08-26 05:57:23.625 INFO  [c.a.config.SqlOnlyInterceptor] SQL Result  | mapper=com.ait.org.orgManage.mapper.HrDepartmentMapper.findByDeptNo | caller=com.ait.sy.sys.service.impl.HrAuthenticationServiceImpl.authenticate(HrAuthenticationServiceImpl.java:120) | rowsReturned=1 | took=29 ms
2026-08-26 05:57:23.627 INFO  [c.a.config.SqlOnlyInterceptor] SQL Execute | mapper=com.ait.sy.syRole.mapper.SyUserMapper.updateLastLogin | caller=com.ait.sy.sys.service.impl.HrAuthenticationServiceImpl.authenticate(HrAuthenticationServiceImpl.java:133) | command=UPDATE | params=[userNo='111112'] | sql=UPDATE sy_user SET UPDATE_DATE = SYSDATE WHERE USER_NO = '111112'
2026-08-26 05:57:23.648 INFO  [c.a.config.SqlOnlyInterceptor] SQL Result  | mapper=com.ait.sy.syRole.mapper.SyUserMapper.updateLastLogin | caller=com.ait.sy.sys.service.impl.HrAuthenticationServiceImpl.authenticate(HrAuthenticationServiceImpl.java:133) | rowsAffected=1 | took=21 ms
2026-08-26 05:57:23.651 INFO  [c.a.s.s.s.i.HrAuthenticationServiceImpl] Successful login for user=admin from IP=0:0:0:0:0:0:0:1
2026-08-26 05:57:23.695 INFO  [c.a.config.SqlOnlyInterceptor] SQL Execute | mapper=com.ait.sy.syRole.mapper.SyUserRelationMapper.findActiveByUserNo | caller=com.ait.sy.sys.service.impl.PermissionServiceImpl.getUserRoleGroups(PermissionServiceImpl.java:51) | command=SELECT | params=[userNo='111112'] | sql=SELECT USER_NO, ROLE_GROUP_NO, CREATE_DATE, CREATED_BY, UPDATE_DATE, UPDATED_BY, ORDERNO, ACTIVITY FROM sy_user_relation WHERE USER_NO = '111112' AND ACTIVITY = 1 ORDER BY ORDERNO
2026-08-26 05:57:23.727 INFO  [c.a.config.SqlOnlyInterceptor] SQL Result  | mapper=com.ait.sy.syRole.mapper.SyUserRelationMapper.findActiveByUserNo | caller=com.ait.sy.sys.service.impl.PermissionServiceImpl.getUserRoleGroups(PermissionServiceImpl.java:51) | rowsReturned=6 | took=32 ms
2026-08-26 05:57:23.809 INFO  [c.a.config.SqlOnlyInterceptor] SQL Execute | mapper=com.ait.sy.syRole.mapper.SyRoleGroupMapper.findByRoleGroupNo | caller=com.ait.sy.sys.service.impl.PermissionServiceImpl.lambda$0(PermissionServiceImpl.java:53) | command=SELECT | params=[roleGroupNo='00036', cpnyId='HAE'] | sql=SELECT * FROM SY_ROLE_GROUP WHERE ROLE_GROUP_NO = '00036' AND CPNY_ID = 'HAE'
2026-08-26 05:57:23.836 INFO  [c.a.config.SqlOnlyInterceptor] SQL Result  | mapper=com.ait.sy.syRole.mapper.SyRoleGroupMapper.findByRoleGroupNo | caller=com.ait.sy.sys.service.impl.PermissionServiceImpl.lambda$0(PermissionServiceImpl.java:53) | rowsReturned=1 | took=105 ms
2026-08-26 05:57:23.838 INFO  [c.a.config.SqlOnlyInterceptor] SQL Execute | mapper=com.ait.sy.syRole.mapper.SyRoleGroupMapper.findByRoleGroupNo | caller=com.ait.sy.sys.service.impl.PermissionServiceImpl.lambda$0(PermissionServiceImpl.java:53) | command=SELECT | params=[roleGroupNo='219860', cpnyId='HAE'] | sql=SELECT * FROM SY_ROLE_GROUP WHERE ROLE_GROUP_NO = '219860' AND CPNY_ID = 'HAE'
2026-08-26 05:57:23.855 INFO  [c.a.config.SqlOnlyInterceptor] SQL Result  | mapper=com.ait.sy.syRole.mapper.SyRoleGroupMapper.findByRoleGroupNo | caller=com.ait.sy.sys.service.impl.PermissionServiceImpl.lambda$0(PermissionServiceImpl.java:53) | rowsReturned=1 | took=17 ms
2026-08-26 05:57:23.856 INFO  [c.a.config.SqlOnlyInterceptor] SQL Execute | mapper=com.ait.sy.syRole.mapper.SyRoleGroupMapper.findByRoleGroupNo | caller=com.ait.sy.sys.service.impl.PermissionServiceImpl.lambda$0(PermissionServiceImpl.java:53) | command=SELECT | params=[roleGroupNo='14013643', cpnyId='HAE'] | sql=SELECT * FROM SY_ROLE_GROUP WHERE ROLE_GROUP_NO = '14013643' AND CPNY_ID = 'HAE'
2026-08-26 05:57:23.873 INFO  [c.a.config.SqlOnlyInterceptor] SQL Result  | mapper=com.ait.sy.syRole.mapper.SyRoleGroupMapper.findByRoleGroupNo | caller=com.ait.sy.sys.service.impl.PermissionServiceImpl.lambda$0(PermissionServiceImpl.java:53) | rowsReturned=1 | took=17 ms
2026-08-26 05:57:23.875 INFO  [c.a.config.SqlOnlyInterceptor] SQL Execute | mapper=com.ait.sy.syRole.mapper.SyRoleGroupMapper.findByRoleGroupNo | caller=com.ait.sy.sys.service.impl.PermissionServiceImpl.lambda$0(PermissionServiceImpl.java:53) | command=SELECT | params=[roleGroupNo='14013641', cpnyId='HAE'] | sql=SELECT * FROM SY_ROLE_GROUP WHERE ROLE_GROUP_NO = '14013641' AND CPNY_ID = 'HAE'
2026-08-26 05:57:23.892 INFO  [c.a.config.SqlOnlyInterceptor] SQL Result  | mapper=com.ait.sy.syRole.mapper.SyRoleGroupMapper.findByRoleGroupNo | caller=com.ait.sy.sys.service.impl.PermissionServiceImpl.lambda$0(PermissionServiceImpl.java:53) | rowsReturned=1 | took=17 ms
2026-08-26 05:57:23.894 INFO  [c.a.config.SqlOnlyInterceptor] SQL Execute | mapper=com.ait.sy.syRole.mapper.SyRoleGroupMapper.findByRoleGroupNo | caller=com.ait.sy.sys.service.impl.PermissionServiceImpl.lambda$0(PermissionServiceImpl.java:53) | command=SELECT | params=[roleGroupNo='14013642', cpnyId='HAE'] | sql=SELECT * FROM SY_ROLE_GROUP WHERE ROLE_GROUP_NO = '14013642' AND CPNY_ID = 'HAE'
2026-08-26 05:57:23.912 INFO  [c.a.config.SqlOnlyInterceptor] SQL Result  | mapper=com.ait.sy.syRole.mapper.SyRoleGroupMapper.findByRoleGroupNo | caller=com.ait.sy.sys.service.impl.PermissionServiceImpl.lambda$0(PermissionServiceImpl.java:53) | rowsReturned=1 | took=18 ms
2026-08-26 05:57:23.914 INFO  [c.a.config.SqlOnlyInterceptor] SQL Execute | mapper=com.ait.sy.syRole.mapper.SyRoleGroupMapper.findByRoleGroupNo | caller=com.ait.sy.sys.service.impl.PermissionServiceImpl.lambda$0(PermissionServiceImpl.java:53) | command=SELECT | params=[roleGroupNo='219869', cpnyId='HAE'] | sql=SELECT * FROM SY_ROLE_GROUP WHERE ROLE_GROUP_NO = '219869' AND CPNY_ID = 'HAE'
2026-08-26 05:57:23.932 INFO  [c.a.config.SqlOnlyInterceptor] SQL Result  | mapper=com.ait.sy.syRole.mapper.SyRoleGroupMapper.findByRoleGroupNo | caller=com.ait.sy.sys.service.impl.PermissionServiceImpl.lambda$0(PermissionServiceImpl.java:53) | rowsReturned=1 | took=18 ms
2026-08-26 05:57:23.933 INFO  [c.a.config.SqlOnlyInterceptor] SQL Execute | mapper=com.ait.sy.syRole.mapper.SyUserRelationMapper.findActiveByUserNo | caller=com.ait.sy.sys.service.impl.PermissionServiceImpl.getUserRoleGroups(PermissionServiceImpl.java:51) | command=SELECT | params=[userNo='111112'] | sql=SELECT USER_NO, ROLE_GROUP_NO, CREATE_DATE, CREATED_BY, UPDATE_DATE, UPDATED_BY, ORDERNO, ACTIVITY FROM sy_user_relation WHERE USER_NO = '111112' AND ACTIVITY = 1 ORDER BY ORDERNO
2026-08-26 05:57:23.934 INFO  [c.a.config.SqlOnlyInterceptor] SQL Result  | mapper=com.ait.sy.syRole.mapper.SyUserRelationMapper.findActiveByUserNo | caller=com.ait.sy.sys.service.impl.PermissionServiceImpl.getUserRoleGroups(PermissionServiceImpl.java:51) | rowsReturned=6 | took=1 ms
2026-08-26 05:57:23.934 INFO  [c.a.config.SqlOnlyInterceptor] SQL Execute | mapper=com.ait.sy.syRole.mapper.SyRoleGroupMapper.findByRoleGroupNo | caller=com.ait.sy.sys.service.impl.PermissionServiceImpl.lambda$0(PermissionServiceImpl.java:53) | command=SELECT | params=[roleGroupNo='00036', cpnyId='HAE'] | sql=SELECT * FROM SY_ROLE_GROUP WHERE ROLE_GROUP_NO = '00036' AND CPNY_ID = 'HAE'
2026-08-26 05:57:23.934 INFO  [c.a.config.SqlOnlyInterceptor] SQL Result  | mapper=com.ait.sy.syRole.mapper.SyRoleGroupMapper.findByRoleGroupNo | caller=com.ait.sy.sys.service.impl.PermissionServiceImpl.lambda$0(PermissionServiceImpl.java:53) | rowsReturned=1 | took=0 ms
2026-08-26 05:57:23.935 INFO  [c.a.config.SqlOnlyInterceptor] SQL Execute | mapper=com.ait.sy.syRole.mapper.SyRoleGroupMapper.findByRoleGroupNo | caller=com.ait.sy.sys.service.impl.PermissionServiceImpl.lambda$0(PermissionServiceImpl.java:53) | command=SELECT | params=[roleGroupNo='219860', cpnyId='HAE'] | sql=SELECT * FROM SY_ROLE_GROUP WHERE ROLE_GROUP_NO = '219860' AND CPNY_ID = 'HAE'
2026-08-26 05:57:23.935 INFO  [c.a.config.SqlOnlyInterceptor] SQL Result  | mapper=com.ait.sy.syRole.mapper.SyRoleGroupMapper.findByRoleGroupNo | caller=com.ait.sy.sys.service.impl.PermissionServiceImpl.lambda$0(PermissionServiceImpl.java:53) | rowsReturned=1 | took=0 ms
2026-08-26 05:57:23.938 INFO  [c.a.config.SqlOnlyInterceptor] SQL Execute | mapper=com.ait.sy.syRole.mapper.SyRoleGroupMapper.findByRoleGroupNo | caller=com.ait.sy.sys.service.impl.PermissionServiceImpl.lambda$0(PermissionServiceImpl.java:53) | command=SELECT | params=[roleGroupNo='14013643', cpnyId='HAE'] | sql=SELECT * FROM SY_ROLE_GROUP WHERE ROLE_GROUP_NO = '14013643' AND CPNY_ID = 'HAE'
2026-08-26 05:57:23.938 INFO  [c.a.config.SqlOnlyInterceptor] SQL Result  | mapper=com.ait.sy.syRole.mapper.SyRoleGroupMapper.findByRoleGroupNo | caller=com.ait.sy.sys.service.impl.PermissionServiceImpl.lambda$0(PermissionServiceImpl.java:53) | rowsReturned=1 | took=1 ms
2026-08-26 05:57:23.939 INFO  [c.a.config.SqlOnlyInterceptor] SQL Execute | mapper=com.ait.sy.syRole.mapper.SyRoleGroupMapper.findByRoleGroupNo | caller=com.ait.sy.sys.service.impl.PermissionServiceImpl.lambda$0(PermissionServiceImpl.java:53) | command=SELECT | params=[roleGroupNo='14013641', cpnyId='HAE'] | sql=SELECT * FROM SY_ROLE_GROUP WHERE ROLE_GROUP_NO = '14013641' AND CPNY_ID = 'HAE'
2026-08-26 05:57:23.940 INFO  [c.a.config.SqlOnlyInterceptor] SQL Result  | mapper=com.ait.sy.syRole.mapper.SyRoleGroupMapper.findByRoleGroupNo | caller=com.ait.sy.sys.service.impl.PermissionServiceImpl.lambda$0(PermissionServiceImpl.java:53) | rowsReturned=1 | took=1 ms
2026-08-26 05:57:23.941 INFO  [c.a.config.SqlOnlyInterceptor] SQL Execute | mapper=com.ait.sy.syRole.mapper.SyRoleGroupMapper.findByRoleGroupNo | caller=com.ait.sy.sys.service.impl.PermissionServiceImpl.lambda$0(PermissionServiceImpl.java:53) | command=SELECT | params=[roleGroupNo='14013642', cpnyId='HAE'] | sql=SELECT * FROM SY_ROLE_GROUP WHERE ROLE_GROUP_NO = '14013642' AND CPNY_ID = 'HAE'
2026-08-26 05:57:23.941 INFO  [c.a.config.SqlOnlyInterceptor] SQL Result  | mapper=com.ait.sy.syRole.mapper.SyRoleGroupMapper.findByRoleGroupNo | caller=com.ait.sy.sys.service.impl.PermissionServiceImpl.lambda$0(PermissionServiceImpl.java:53) | rowsReturned=1 | took=0 ms
2026-08-26 05:57:23.944 INFO  [c.a.config.SqlOnlyInterceptor] SQL Execute | mapper=com.ait.sy.syRole.mapper.SyRoleGroupMapper.findByRoleGroupNo | caller=com.ait.sy.sys.service.impl.PermissionServiceImpl.lambda$0(PermissionServiceImpl.java:53) | command=SELECT | params=[roleGroupNo='219869', cpnyId='HAE'] | sql=SELECT * FROM SY_ROLE_GROUP WHERE ROLE_GROUP_NO = '219869' AND CPNY_ID = 'HAE'
2026-08-26 05:57:23.944 INFO  [c.a.config.SqlOnlyInterceptor] SQL Result  | mapper=com.ait.sy.syRole.mapper.SyRoleGroupMapper.findByRoleGroupNo | caller=com.ait.sy.sys.service.impl.PermissionServiceImpl.lambda$0(PermissionServiceImpl.java:53) | rowsReturned=1 | took=1 ms
2026-08-26 05:57:23.948 INFO  [c.a.config.SqlOnlyInterceptor] SQL Execute | mapper=com.ait.sy.syRole.mapper.SyRoleMapper.findByRoleGroupNo | caller=com.ait.sy.sys.service.impl.PermissionServiceImpl.lambda$2(PermissionServiceImpl.java:73) | command=SELECT | params=[roleGroupNo='00036'] | sql=SELECT r.ROLE_NO, r.ROLE_ID, r.CPNY_ID, r.CREATE_DATE, r.CREATED_BY, r.UPDATE_DATE, r.UPDATED_BY, r.ORDERNO, r.ACTIVITY, r.SYS_TYPE FROM sy_role r INNER JOIN sy_role_group_relation rgr ON r.ROLE_NO = rgr.ROLE_NO WHERE rgr.ROLE_GROUP_NO = '00036' AND r.ACTIVITY = 1 AND rgr.ACTIVITY = 1 ORDER BY r.ORDERNO
2026-08-26 05:57:23.978 INFO  [c.a.config.SqlOnlyInterceptor] SQL Result  | mapper=com.ait.sy.syRole.mapper.SyRoleMapper.findByRoleGroupNo | caller=com.ait.sy.sys.service.impl.PermissionServiceImpl.lambda$2(PermissionServiceImpl.java:73) | rowsReturned=1 | took=31 ms
2026-08-26 05:57:23.980 INFO  [c.a.config.SqlOnlyInterceptor] SQL Execute | mapper=com.ait.sy.syRole.mapper.SyRoleMapper.findByRoleGroupNo | caller=com.ait.sy.sys.service.impl.PermissionServiceImpl.lambda$2(PermissionServiceImpl.java:73) | command=SELECT | params=[roleGroupNo='219860'] | sql=SELECT r.ROLE_NO, r.ROLE_ID, r.CPNY_ID, r.CREATE_DATE, r.CREATED_BY, r.UPDATE_DATE, r.UPDATED_BY, r.ORDERNO, r.ACTIVITY, r.SYS_TYPE FROM sy_role r INNER JOIN sy_role_group_relation rgr ON r.ROLE_NO = rgr.ROLE_NO WHERE rgr.ROLE_GROUP_NO = '219860' AND r.ACTIVITY = 1 AND rgr.ACTIVITY = 1 ORDER BY r.ORDERNO
2026-08-26 05:57:24.014 INFO  [c.a.config.SqlOnlyInterceptor] SQL Result  | mapper=com.ait.sy.syRole.mapper.SyRoleMapper.findByRoleGroupNo | caller=com.ait.sy.sys.service.impl.PermissionServiceImpl.lambda$2(PermissionServiceImpl.java:73) | rowsReturned=11 | took=34 ms
2026-08-26 05:57:24.015 INFO  [c.a.config.SqlOnlyInterceptor] SQL Execute | mapper=com.ait.sy.syRole.mapper.SyRoleMapper.findByRoleGroupNo | caller=com.ait.sy.sys.service.impl.PermissionServiceImpl.lambda$2(PermissionServiceImpl.java:73) | command=SELECT | params=[roleGroupNo='14013643'] | sql=SELECT r.ROLE_NO, r.ROLE_ID, r.CPNY_ID, r.CREATE_DATE, r.CREATED_BY, r.UPDATE_DATE, r.UPDATED_BY, r.ORDERNO, r.ACTIVITY, r.SYS_TYPE FROM sy_role r INNER JOIN sy_role_group_relation rgr ON r.ROLE_NO = rgr.ROLE_NO WHERE rgr.ROLE_GROUP_NO = '14013643' AND r.ACTIVITY = 1 AND rgr.ACTIVITY = 1 ORDER BY r.ORDERNO
2026-08-26 05:57:24.037 INFO  [c.a.config.SqlOnlyInterceptor] SQL Result  | mapper=com.ait.sy.syRole.mapper.SyRoleMapper.findByRoleGroupNo | caller=com.ait.sy.sys.service.impl.PermissionServiceImpl.lambda$2(PermissionServiceImpl.java:73) | rowsReturned=1 | took=22 ms
2026-08-26 05:57:24.040 INFO  [c.a.config.SqlOnlyInterceptor] SQL Execute | mapper=com.ait.sy.syRole.mapper.SyRoleMapper.findByRoleGroupNo | caller=com.ait.sy.sys.service.impl.PermissionServiceImpl.lambda$2(PermissionServiceImpl.java:73) | command=SELECT | params=[roleGroupNo='14013641'] | sql=SELECT r.ROLE_NO, r.ROLE_ID, r.CPNY_ID, r.CREATE_DATE, r.CREATED_BY, r.UPDATE_DATE, r.UPDATED_BY, r.ORDERNO, r.ACTIVITY, r.SYS_TYPE FROM sy_role r INNER JOIN sy_role_group_relation rgr ON r.ROLE_NO = rgr.ROLE_NO WHERE rgr.ROLE_GROUP_NO = '14013641' AND r.ACTIVITY = 1 AND rgr.ACTIVITY = 1 ORDER BY r.ORDERNO
2026-08-26 05:57:24.059 INFO  [c.a.config.SqlOnlyInterceptor] SQL Result  | mapper=com.ait.sy.syRole.mapper.SyRoleMapper.findByRoleGroupNo | caller=com.ait.sy.sys.service.impl.PermissionServiceImpl.lambda$2(PermissionServiceImpl.java:73) | rowsReturned=1 | took=19 ms
2026-08-26 05:57:24.060 INFO  [c.a.config.SqlOnlyInterceptor] SQL Execute | mapper=com.ait.sy.syRole.mapper.SyRoleMapper.findByRoleGroupNo | caller=com.ait.sy.sys.service.impl.PermissionServiceImpl.lambda$2(PermissionServiceImpl.java:73) | command=SELECT | params=[roleGroupNo='14013642'] | sql=SELECT r.ROLE_NO, r.ROLE_ID, r.CPNY_ID, r.CREATE_DATE, r.CREATED_BY, r.UPDATE_DATE, r.UPDATED_BY, r.ORDERNO, r.ACTIVITY, r.SYS_TYPE FROM sy_role r INNER JOIN sy_role_group_relation rgr ON r.ROLE_NO = rgr.ROLE_NO WHERE rgr.ROLE_GROUP_NO = '14013642' AND r.ACTIVITY = 1 AND rgr.ACTIVITY = 1 ORDER BY r.ORDERNO
2026-08-26 05:57:24.078 INFO  [c.a.config.SqlOnlyInterceptor] SQL Result  | mapper=com.ait.sy.syRole.mapper.SyRoleMapper.findByRoleGroupNo | caller=com.ait.sy.sys.service.impl.PermissionServiceImpl.lambda$2(PermissionServiceImpl.java:73) | rowsReturned=1 | took=18 ms
2026-08-26 05:57:24.080 INFO  [c.a.config.SqlOnlyInterceptor] SQL Execute | mapper=com.ait.sy.syRole.mapper.SyRoleMapper.findByRoleGroupNo | caller=com.ait.sy.sys.service.impl.PermissionServiceImpl.lambda$2(PermissionServiceImpl.java:73) | command=SELECT | params=[roleGroupNo='219869'] | sql=SELECT r.ROLE_NO, r.ROLE_ID, r.CPNY_ID, r.CREATE_DATE, r.CREATED_BY, r.UPDATE_DATE, r.UPDATED_BY, r.ORDERNO, r.ACTIVITY, r.SYS_TYPE FROM sy_role r INNER JOIN sy_role_group_relation rgr ON r.ROLE_NO = rgr.ROLE_NO WHERE rgr.ROLE_GROUP_NO = '219869' AND r.ACTIVITY = 1 AND rgr.ACTIVITY = 1 ORDER BY r.ORDERNO
2026-08-26 05:57:24.102 INFO  [c.a.config.SqlOnlyInterceptor] SQL Result  | mapper=com.ait.sy.syRole.mapper.SyRoleMapper.findByRoleGroupNo | caller=com.ait.sy.sys.service.impl.PermissionServiceImpl.lambda$2(PermissionServiceImpl.java:73) | rowsReturned=1 | took=22 ms
2026-08-26 05:57:24.104 INFO  [c.a.config.SqlOnlyInterceptor] SQL Execute | mapper=com.ait.sy.basicMaintenance.mapper.SyMenuMapper.findMenuTreeByUserNo | caller=com.ait.sy.sys.service.impl.PermissionServiceImpl.getUserMenus(PermissionServiceImpl.java:91) | command=SELECT | params=[userNo='111112'] | sql=SELECT DISTINCT m.* FROM sy_menu m INNER JOIN sy_role_relation rr ON m.MENU_NO = rr.MENU_NO INNER JOIN sy_role r ON rr.ROLE_NO = r.ROLE_NO INNER JOIN sy_role_group_relation rgr ON rr.ROLE_NO = rgr.ROLE_NO INNER JOIN sy_user_relation ur ON rgr.ROLE_GROUP_NO = ur.ROLE_GROUP_NO WHERE m.ACTIVITY = 1 AND rr.ACTIVITY = 1 AND r.ACTIVITY = 1 AND rgr.ACTIVITY = 1 AND ur.ACTIVITY = 1 AND NVL(TO_CHAR(r.SYS_TYPE), '0') = '1' AND ur.USER_NO = '111112' ORDER BY m.DEPTH, m.ORDERNO
2026-08-26 05:57:24.491 INFO  [c.a.config.SqlOnlyInterceptor] SQL Result  | mapper=com.ait.sy.basicMaintenance.mapper.SyMenuMapper.findMenuTreeByUserNo | caller=com.ait.sy.sys.service.impl.PermissionServiceImpl.getUserMenus(PermissionServiceImpl.java:91) | rowsReturned=162 | took=387 ms
2026-08-26 05:57:24.522 INFO  [c.a.config.SqlOnlyInterceptor] SQL Execute | mapper=com.ait.sy.sys.mapper.MenuMapper.countMenusByUserPermissionBySysType | caller=com.ait.sy.sys.service.impl.MenuServiceImpl.hasMenusByUserPermissionBySysType(MenuServiceImpl.java:79) | command=SELECT | params=[cpnyId='HAE', userNo='111112', sysType='0'] | sql=SELECT COUNT(DISTINCT m.MENU_NO) FROM SY_MENU m JOIN SY_MENU_PARAM mp ON m.MENU_NO = mp.MENU_NO AND mp.CPNY_ID = 'HAE' INNER JOIN SY_ROLE_RELATION rr ON m.MENU_NO = rr.MENU_NO INNER JOIN SY_ROLE r ON rr.ROLE_NO = r.ROLE_NO INNER JOIN SY_ROLE_GROUP_RELATION rgr ON rr.ROLE_NO = rgr.ROLE_NO INNER JOIN SY_USER_RELATION ur ON rgr.ROLE_GROUP_NO = ur.ROLE_GROUP_NO WHERE ur.USER_NO = '111112' AND m.ACTIVITY = 1 AND rr.ACTIVITY = 1 AND r.ACTIVITY = 1 AND rgr.ACTIVITY = 1 AND ur.ACTIVITY = 1 AND rr.SELECTR = 1 AND NVL(TO_CHAR(r.SYS_TYPE), '0') = '0'
2026-08-26 05:57:24.586 INFO  [c.a.config.SqlOnlyInterceptor] SQL Result  | mapper=com.ait.sy.sys.mapper.MenuMapper.countMenusByUserPermissionBySysType | caller=com.ait.sy.sys.service.impl.MenuServiceImpl.hasMenusByUserPermissionBySysType(MenuServiceImpl.java:79) | rowsReturned=1 | took=63 ms
2026-08-26 05:57:24.946 INFO  [c.a.config.SqlOnlyInterceptor] SQL Execute | mapper=com.ait.ess.infoApply.mapper.EssCwaAbnormalMapper.selectMyCwaAbnormalList | caller=com.ait.ess.infoApply.service.impl.EssCwaAbnormalServiceImpl.getMyList(EssCwaAbnormalServiceImpl.java:39) | command=SELECT | params=[lang='vi', cpnyId='HAE', cpnyId='HAE', cpnyId='HAE', cpnyId='HAE', cpnyId='HAE', cpnyId='HAE', adminID='11111112', adminID='11111112', startDate='01/08/2026', endDate='31/08/2026'] | sql=SELECT AR_DETAIL.PK_NO, AR_DETAIL.PERSON_ID, GET_EMPID(AR_DETAIL.PERSON_ID) AS EMPID, AR_DETAIL.ITEM_NO, GET_GLOBAL_NAME(AR_DETAIL.ITEM_NO, 'vi') AS ITEM_NAME, TO_CHAR(AR_DETAIL.FROM_TIME, 'DD/MM/YYYY HH24:MI:SS') AS FROM_TIME, TO_CHAR(AR_DETAIL.TO_TIME, 'DD/MM/YYYY HH24:MI:SS') AS TO_TIME, TO_CHAR(TO_DATE(AR_DETAIL.AR_DATE_STR, 'YYYY/MM/DD'), 'DD/MM/YYYY') AS AR_DATE_STR, REPLACE(TO_CHAR(TO_DATE(AR_DETAIL.AR_DATE_STR, 'YYYY/MM/DD'), 'DD/MM/YYYY'), '/', '.') AS DATE_STR, GET_AR_MAC_TIME(AR_DETAIL.PERSON_ID, AR_DETAIL.AR_DATE_STR, 'IN') AS INDOOR_TIME, GET_AR_MAC_TIME(AR_DETAIL.PERSON_ID, AR_DETAIL.AR_DATE_STR, 'OUT') AS OUTDOOR_TIME, TO_CHAR(TO_DATE(GET_AR_SHIFT_START_TIME(AR_DETAIL.PERSON_ID, AR_DETAIL.AR_DATE_STR, 'HAE'), 'YYYY/MM/DD HH24:MI'), 'DD/MM/YYYY') AS SHIFT_START_YYYY, TO_CHAR(TO_DATE(GET_AR_SHIFT_START_TIME(AR_DETAIL.PERSON_ID, AR_DETAIL.AR_DATE_STR, 'HAE'), 'YYYY/MM/DD HH24:MI'), 'HH24') AS SHIFT_START_HH, TO_CHAR(TO_DATE(GET_AR_SHIFT_START_TIME(AR_DETAIL.PERSON_ID, AR_DETAIL.AR_DATE_STR, 'HAE'), 'YYYY/MM/DD HH24:MI'), 'MI') AS SHIFT_START_MI, TO_CHAR(TO_DATE(GET_AR_SHIFT_END_TIME(AR_DETAIL.PERSON_ID, AR_DETAIL.AR_DATE_STR, 'HAE'), 'YYYY/MM/DD HH24:MI'), 'DD/MM/YYYY') AS SHIFT_END_YYYY, TO_CHAR(TO_DATE(GET_AR_SHIFT_END_TIME(AR_DETAIL.PERSON_ID, AR_DETAIL.AR_DATE_STR, 'HAE'), 'YYYY/MM/DD HH24:MI'), 'HH24') AS SHIFT_END_HH, TO_CHAR(TO_DATE(GET_AR_SHIFT_END_TIME(AR_DETAIL.PERSON_ID, AR_DETAIL.AR_DATE_STR, 'HAE'), 'YYYY/MM/DD HH24:MI'), 'MI') AS SHIFT_END_MI, AR_DETAIL.LOCK_YN FROM AR_DETAIL_HAE AR_DETAIL WHERE AR_DETAIL.PERSON_ID = '11111112' AND AR_DETAIL.ITEM_NO IN ('141443', '141441', '141442', '14015448') AND AR_DETAIL.AR_DATE_STR < TO_CHAR(SYSDATE, 'YYYY/MM/DD') AND AR_DETAIL.AR_DATE_STR NOT IN ( SELECT AR_DATE_STR FROM ESS_CARD_APPLY_TB CARD WHERE AFFIRM_FLAG IN ('14014306', '14014307', '14014308') AND CARD.CONFIRM_FLAG <> '2' AND PERSON_ID = '11111112' ) AND AR_DETAIL.AR_DATE_STR >= TO_CHAR(TO_DATE('01/08/2026', 'DD/MM/YYYY'), 'YYYY/MM/DD') AND AR_DETAIL.AR_DATE_STR <= TO_CHAR(TO_DATE('31/08/2026', 'DD/MM/YYYY'), 'YYYY/MM/DD') ORDER BY AR_DETAIL.AR_DATE_STR DESC
2026-08-26 05:57:24.947 INFO  [c.a.config.SqlOnlyInterceptor] SQL Execute | mapper=com.ait.ess.infoApplyAttendance.mapper.EssAttendancePersonalInfoMapper.selectPersonalAttendanceList | caller=com.ait.ess.infoApplyAttendance.service.impl.EssAttendancePersonalInfoServiceImpl.getPersonalAttendanceList(EssAttendancePersonalInfoServiceImpl.java:39) | command=SELECT | params=[lang='vi', lang='vi', lang='vi', adminID='11111112', cpnyId='HAE', startDate='01/08/2026', endDate='31/08/2026'] | sql=SELECT D.PK_NO, D.PERSON_ID, HE.EMPID, HE.LOCAL_NAME, GET_DEPT_NAME(D.DEPT_NO, 'vi') AS DEPT_NAME, D.ITEM_NO, get_global_name(D.ITEM_NO, 'vi') AS ITEM_NAME, D.SHIFT_NO, GET_GLOBAL_NAME(D.SHIFT_NO, 'vi') AS SHIFT_NAME, D.AR_DATE_STR, TO_CHAR(D.FROM_TIME, 'DD/MM/YYYY HH24:MI') AS FROM_TIME, TO_CHAR(D.TO_TIME, 'DD/MM/YYYY HH24:MI') AS TO_TIME, D.QUANTITY FROM AR_DETAIL_HAE D JOIN HR_EMPLOYEE HE ON HE.PERSON_ID = D.PERSON_ID WHERE D.PERSON_ID = '11111112' AND D.ITEM_NO NOT IN ( SELECT AIP.ITEM_NO FROM AR_ITEM_PARAM AIP JOIN AR_ITEM AI ON AI.ITEM_NO = AIP.ITEM_NO WHERE AIP.CPNY_ID = 'HAE' AND AI.ITEM_GROUP_CODE = '1433' ) AND D.AR_DATE_STR >= TO_CHAR(TO_DATE('01/08/2026', 'DD/MM/YYYY'), 'YYYY/MM/DD') AND D.AR_DATE_STR <= TO_CHAR(TO_DATE('31/08/2026', 'DD/MM/YYYY'), 'YYYY/MM/DD') ORDER BY D.AR_DATE_STR DESC, D.ITEM_NO
2026-08-26 05:57:24.953 INFO  [c.a.config.SqlOnlyInterceptor] SQL Execute | mapper=com.ait.ess.infoApply.mapper.EssOtApplyMapper.selectMyOtApplyList | caller=com.ait.ess.infoApply.service.impl.EssOtApplyServiceImpl.getMyOtApplyList(EssOtApplyServiceImpl.java:52) | command=SELECT | params=[lang='vi', lang='vi', lang='vi', lang='vi', lang='vi', adminID='11111112', fromDate='2026-08-01', toDate='2026-08-31'] | sql=SELECT A.APPLY_NO, A.PERSON_ID, A.OT_TYPE_CODE, GET_GLOBAL_NAME(A.OT_TYPE_CODE, 'vi') AS OT_TYPE_NAME, TO_CHAR(A.APPLY_OT_DATE, 'DD/MM/YYYY') AS APPLY_OT_DATE, A.OT_FROM_TIME, A.OT_TO_TIME, A.OT_APPLY_HOUR, A.DEDUCT_YN, A.APPLY_OT_REMARK, A.AFFIRM_FLAG, GET_GLOBAL_NAME(A.AFFIRM_FLAG, 'vi') AS AFFIRM_FLAG_NAME, A.CONFIRM_FLAG, GET_GLOBAL_NAME(TO_CHAR(A.CONFIRM_FLAG), 'vi') AS CONFIRM_FLAG_NAME, A.CREATED_BY, A.CREATED_IP, TO_CHAR(A.USECAR_YN) AS USECAR_YN, A.CAR_ADDRESS, GET_GLOBAL_NAME(A.CAR_ADDRESS, 'vi') AS CAR_ADDRESS_NAME, A.CAR_ADDRESS_DETAIL, GET_GLOBAL_NAME(A.CAR_ADDRESS_DETAIL, 'vi') AS CAR_ADDRESS_DETAIL_NAME FROM ESS_APPLY_OT A WHERE A.PERSON_ID = '11111112' AND A.ACTIVITY = 1 AND A.APPLY_OT_DATE >= TO_DATE('2026-08-01', 'YYYY-MM-DD') AND A.APPLY_OT_DATE < TO_DATE('2026-08-31', 'YYYY-MM-DD') + 1 ORDER BY A.APPLY_OT_DATE DESC, A.CREATE_DATE DESC
2026-08-26 05:57:24.980 INFO  [c.a.config.SqlOnlyInterceptor] SQL Execute | mapper=com.ait.ar.attendanceMintenance.mapper.EssLeaveApplyMapper.selectMyLeaveApplyList | caller=com.ait.ar.attendanceMintenance.service.impl.EssLeaveApplyServiceImpl.getMyLeaveApplyList(EssLeaveApplyServiceImpl.java:233) | command=SELECT | params=[lang='vi', lang='vi', lang='vi', adminID='11111112', fromDate='2026-08-01', toDate='2026-08-31'] | sql=SELECT A.APPLY_NO, A.PERSON_ID, A.LEAVE_TYPE_CODE AS ITEM_NO, GET_GLOBAL_NAME(A.LEAVE_TYPE_CODE, 'vi') AS LEAVE_TYPE_NAME, TO_CHAR(A.CREATE_DATE, 'DD/MM/YYYY') AS APPLY_DATE, TO_CHAR(A.LEAVE_FROM_TIME, 'DD/MM/YYYY') AS LEAVE_FROM_DATE, TO_CHAR(A.LEAVE_FROM_TIME, 'HH24:MI') AS LEAVE_FROM_TIME_ONLY, TO_CHAR(A.LEAVE_TO_TIME, 'DD/MM/YYYY') AS LEAVE_TO_DATE, TO_CHAR(A.LEAVE_TO_TIME, 'HH24:MI') AS LEAVE_TO_TIME_ONLY, A.APPLY_LENGTH, AR_GET_DAY_HOURS(A.PERSON_ID, A.LEAVE_FROM_TIME) AS DAY_HOURS, A.LEAVE_REASON, A.AFFIRM_FLAG, GET_GLOBAL_NAME(A.AFFIRM_FLAG, 'vi') AS AFFIRM_FLAG_NAME, A.HR_COMMENT, A.CONFIRM_FLAG, GET_GLOBAL_NAME(A.CONFIRM_FLAG, 'vi') AS CONFIRM_FLAG_NAME, GET_UPDATED_INFO(A.CREATED_BY) AS CREATED_BY, A.CREATED_IP, A.LEAVE_TYPE_CODE FROM ESS_LEAVE_APPLY_TB A WHERE A.PERSON_ID = '11111112' AND A.ACTIVITY = 1 AND A.LEAVE_FROM_TIME >= TO_DATE('2026-08-01', 'YYYY-MM-DD') AND A.LEAVE_FROM_TIME < TO_DATE('2026-08-31', 'YYYY-MM-DD') + 1 ORDER BY A.CREATE_DATE DESC
2026-08-26 05:57:24.999 INFO  [c.a.config.SqlOnlyInterceptor] SQL Result  | mapper=com.ait.ess.infoApply.mapper.EssOtApplyMapper.selectMyOtApplyList | caller=com.ait.ess.infoApply.service.impl.EssOtApplyServiceImpl.getMyOtApplyList(EssOtApplyServiceImpl.java:52) | rowsReturned=0 | took=48 ms
2026-08-26 05:57:24.999 INFO  [c.a.config.SqlOnlyInterceptor] SQL Execute | mapper=com.ait.ess.infoApply.mapper.EssPersonOtInfoMapper.selectPersonOtList | caller=com.ait.ess.infoApply.service.impl.EssPersonOtInfoServiceImpl.getPersonOtList(EssPersonOtInfoServiceImpl.java:39) | command=SELECT | params=[lang='vi', lang='vi', lang='vi', adminID='11111112', cpnyId='HAE', startDate='01/08/2026', endDate='31/08/2026'] | sql=SELECT D.PK_NO, D.PERSON_ID, HE.EMPID, HE.LOCAL_NAME, GET_DEPT_NAME(D.DEPT_NO, 'vi') AS DEPT_NAME, D.ITEM_NO, get_global_name(D.ITEM_NO, 'vi') AS ITEM_NAME, D.SHIFT_NO, GET_GLOBAL_NAME(D.SHIFT_NO, 'vi') AS SHIFT_NAME, D.AR_DATE_STR, TO_CHAR(D.FROM_TIME, 'HH24:MI') || ' ~ ' || TO_CHAR(D.TO_TIME, 'HH24:MI') AS WORK_TIME, TO_CHAR(D.FROM_TIME, 'HH24:MI') AS INDOOR_TIME, TO_CHAR(D.TO_TIME, 'HH24:MI') AS OUTDOOR_TIME, TO_CHAR(D.FROM_TIME, 'DD/MM/YYYY HH24:MI') AS OT_START_TIME, TO_CHAR(D.TO_TIME, 'DD/MM/YYYY HH24:MI') AS OT_END_TIME, D.QUANTITY FROM AR_DETAIL_HAE D JOIN HR_EMPLOYEE HE ON HE.PERSON_ID = D.PERSON_ID WHERE D.PERSON_ID = '11111112' AND D.ITEM_NO IN ( SELECT AIP.ITEM_NO FROM AR_ITEM_PARAM AIP JOIN AR_ITEM AI ON AI.ITEM_NO = AIP.ITEM_NO WHERE AIP.CPNY_ID = 'HAE' AND AI.ITEM_GROUP_CODE = '1433' ) AND D.AR_DATE_STR >= TO_CHAR(TO_DATE('01/08/2026', 'DD/MM/YYYY'), 'YYYY/MM/DD') AND D.AR_DATE_STR <= TO_CHAR(TO_DATE('31/08/2026', 'DD/MM/YYYY'), 'YYYY/MM/DD') ORDER BY D.AR_DATE_STR DESC, D.ITEM_NO
2026-08-26 05:57:25.041 INFO  [c.a.config.SqlOnlyInterceptor] SQL Execute | mapper=com.ait.sy.sys.mapper.MenuMapper.getMenusByUserPermissionBySysType | caller=com.ait.sy.sys.service.impl.MenuServiceImpl.getMenusByUserPermissionBySysType(MenuServiceImpl.java:37) | command=SELECT | params=[lang='vi', cpnyId='HAE', userNo='111112', sysType='1'] | sql=SELECT DISTINCT m.MENU_NO, m.MENU_PARENT_NO, m.MENU_CODE, GET_GLOBAL_NAME(m.MENU_NO, 'vi') AS MENU_NAME, m.MENU_IMG, m.MENU_URL, m.DEPTH, m.ORDERNO AS ORDER_NO, m.ACTIVITY FROM SY_MENU m JOIN SY_MENU_PARAM mp ON m.MENU_NO = mp.MENU_NO AND mp.CPNY_ID = 'HAE' INNER JOIN SY_ROLE_RELATION rr ON m.MENU_NO = rr.MENU_NO INNER JOIN SY_ROLE r ON rr.ROLE_NO = r.ROLE_NO INNER JOIN SY_ROLE_GROUP_RELATION rgr ON rr.ROLE_NO = rgr.ROLE_NO INNER JOIN SY_USER_RELATION ur ON rgr.ROLE_GROUP_NO = ur.ROLE_GROUP_NO WHERE ur.USER_NO = '111112' AND m.ACTIVITY = 1 AND rr.ACTIVITY = 1 AND r.ACTIVITY = 1 AND rgr.ACTIVITY = 1 AND ur.ACTIVITY = 1 AND rr.SELECTR = 1 AND NVL(TO_CHAR(r.SYS_TYPE), '0') = '1' ORDER BY m.DEPTH, m.ORDERNO
2026-08-26 05:57:25.061 INFO  [c.a.config.SqlOnlyInterceptor] SQL Result  | mapper=com.ait.ar.attendanceMintenance.mapper.EssLeaveApplyMapper.selectMyLeaveApplyList | caller=com.ait.ar.attendanceMintenance.service.impl.EssLeaveApplyServiceImpl.getMyLeaveApplyList(EssLeaveApplyServiceImpl.java:233) | rowsReturned=0 | took=83 ms
2026-08-26 05:57:25.181 INFO  [c.a.config.SqlOnlyInterceptor] SQL Result  | mapper=com.ait.ess.infoApply.mapper.EssPersonOtInfoMapper.selectPersonOtList | caller=com.ait.ess.infoApply.service.impl.EssPersonOtInfoServiceImpl.getPersonOtList(EssPersonOtInfoServiceImpl.java:39) | rowsReturned=0 | took=183 ms
2026-08-26 05:57:25.225 INFO  [c.a.config.SqlOnlyInterceptor] SQL Result  | mapper=com.ait.ess.infoApplyAttendance.mapper.EssAttendancePersonalInfoMapper.selectPersonalAttendanceList | caller=com.ait.ess.infoApplyAttendance.service.impl.EssAttendancePersonalInfoServiceImpl.getPersonalAttendanceList(EssAttendancePersonalInfoServiceImpl.java:39) | rowsReturned=25 | took=280 ms
2026-08-26 05:57:25.284 INFO  [c.a.config.SqlOnlyInterceptor] SQL Result  | mapper=com.ait.sy.sys.mapper.MenuMapper.getMenusByUserPermissionBySysType | caller=com.ait.sy.sys.service.impl.MenuServiceImpl.getMenusByUserPermissionBySysType(MenuServiceImpl.java:37) | rowsReturned=104 | took=243 ms
2026-08-26 05:57:25.358 INFO  [c.a.config.SqlOnlyInterceptor] SQL Execute | mapper=com.ait.sy.syAffirm.mapper.SyAffirmEmailMapper.countPendingApprovals | caller=com.ait.sy.syAffirm.service.impl.SyAffirmEmailServiceImpl.getPendingApprovalCounts(SyAffirmEmailServiceImpl.java:105) | command=SELECT | params=[adminID='11111112'] | sql=SELECT COUNT(1) FROM SY_AFFIRM_EMAIL EM WHERE ACTIVITY = 0 AND AFFIRM_PERSON_ID = '11111112' AND APPLY_AFFIRM_FLAG NOT IN ('14014310', '14014309', '14014308') AND NOT EXISTS (SELECT 1 FROM ESS_LEAVE_APPLY_TB TB WHERE TB.APPLY_NO = EM.APPLY_NO AND TB.BATCH_YN = 2) AND NOT EXISTS (SELECT 1 FROM ESS_APPLY_OT OT WHERE OT.APPLY_NO = EM.APPLY_NO AND OT.BATCH_YN = 2)
2026-08-26 05:57:25.415 INFO  [c.a.config.SqlOnlyInterceptor] SQL Result  | mapper=com.ait.sy.syAffirm.mapper.SyAffirmEmailMapper.countPendingApprovals | caller=com.ait.sy.syAffirm.service.impl.SyAffirmEmailServiceImpl.getPendingApprovalCounts(SyAffirmEmailServiceImpl.java:105) | rowsReturned=1 | took=58 ms
2026-08-26 05:57:25.417 INFO  [c.a.config.SqlOnlyInterceptor] SQL Execute | mapper=com.ait.sy.syAffirm.mapper.SyAffirmEmailMapper.countPendingApprovals | caller=com.ait.sy.syAffirm.service.impl.SyAffirmEmailServiceImpl.getPendingApprovalCounts(SyAffirmEmailServiceImpl.java:108) | command=SELECT | params=[adminID='11111112', applyTypeCodeSearch='21'] | sql=SELECT COUNT(1) FROM SY_AFFIRM_EMAIL EM WHERE ACTIVITY = 0 AND AFFIRM_PERSON_ID = '11111112' AND APPLY_AFFIRM_FLAG NOT IN ('14014310', '14014309', '14014308') AND APPLY_TYPE_CODE = '21' AND NOT EXISTS (SELECT 1 FROM ESS_LEAVE_APPLY_TB TB WHERE TB.APPLY_NO = EM.APPLY_NO AND TB.BATCH_YN = 2) AND NOT EXISTS (SELECT 1 FROM ESS_APPLY_OT OT WHERE OT.APPLY_NO = EM.APPLY_NO AND OT.BATCH_YN = 2)
2026-08-26 05:57:25.438 INFO  [c.a.config.SqlOnlyInterceptor] SQL Result  | mapper=com.ait.sy.syAffirm.mapper.SyAffirmEmailMapper.countPendingApprovals | caller=com.ait.sy.syAffirm.service.impl.SyAffirmEmailServiceImpl.getPendingApprovalCounts(SyAffirmEmailServiceImpl.java:108) | rowsReturned=1 | took=21 ms
2026-08-26 05:57:25.440 INFO  [c.a.config.SqlOnlyInterceptor] SQL Execute | mapper=com.ait.sy.syAffirm.mapper.SyAffirmEmailMapper.countPendingApprovals | caller=com.ait.sy.syAffirm.service.impl.SyAffirmEmailServiceImpl.getPendingApprovalCounts(SyAffirmEmailServiceImpl.java:111) | command=SELECT | params=[adminID='11111112', applyTypeCodeSearch='31'] | sql=SELECT COUNT(1) FROM SY_AFFIRM_EMAIL EM WHERE ACTIVITY = 0 AND AFFIRM_PERSON_ID = '11111112' AND APPLY_AFFIRM_FLAG NOT IN ('14014310', '14014309', '14014308') AND APPLY_TYPE_CODE = '31' AND NOT EXISTS (SELECT 1 FROM ESS_LEAVE_APPLY_TB TB WHERE TB.APPLY_NO = EM.APPLY_NO AND TB.BATCH_YN = 2) AND NOT EXISTS (SELECT 1 FROM ESS_APPLY_OT OT WHERE OT.APPLY_NO = EM.APPLY_NO AND OT.BATCH_YN = 2)
2026-08-26 05:57:25.456 INFO  [c.a.config.SqlOnlyInterceptor] SQL Result  | mapper=com.ait.sy.syAffirm.mapper.SyAffirmEmailMapper.countPendingApprovals | caller=com.ait.sy.syAffirm.service.impl.SyAffirmEmailServiceImpl.getPendingApprovalCounts(SyAffirmEmailServiceImpl.java:111) | rowsReturned=1 | took=16 ms
2026-08-26 05:57:25.459 INFO  [c.a.config.SqlOnlyInterceptor] SQL Execute | mapper=com.ait.sy.syAffirm.mapper.SyAffirmEmailMapper.countPendingApprovals | caller=com.ait.sy.syAffirm.service.impl.SyAffirmEmailServiceImpl.getPendingApprovalCounts(SyAffirmEmailServiceImpl.java:114) | command=SELECT | params=[adminID='11111112', applyTypeCodeSearch='218197'] | sql=SELECT COUNT(1) FROM SY_AFFIRM_EMAIL EM WHERE ACTIVITY = 0 AND AFFIRM_PERSON_ID = '11111112' AND APPLY_AFFIRM_FLAG NOT IN ('14014310', '14014309', '14014308') AND APPLY_TYPE_CODE = '218197' AND NOT EXISTS (SELECT 1 FROM ESS_LEAVE_APPLY_TB TB WHERE TB.APPLY_NO = EM.APPLY_NO AND TB.BATCH_YN = 2) AND NOT EXISTS (SELECT 1 FROM ESS_APPLY_OT OT WHERE OT.APPLY_NO = EM.APPLY_NO AND OT.BATCH_YN = 2)
2026-08-26 05:57:25.475 INFO  [c.a.config.SqlOnlyInterceptor] SQL Result  | mapper=com.ait.sy.syAffirm.mapper.SyAffirmEmailMapper.countPendingApprovals | caller=com.ait.sy.syAffirm.service.impl.SyAffirmEmailServiceImpl.getPendingApprovalCounts(SyAffirmEmailServiceImpl.java:114) | rowsReturned=1 | took=16 ms
2026-08-26 05:57:25.897 INFO  [c.a.config.SqlOnlyInterceptor] SQL Result  | mapper=com.ait.ess.infoApply.mapper.EssCwaAbnormalMapper.selectMyCwaAbnormalList | caller=com.ait.ess.infoApply.service.impl.EssCwaAbnormalServiceImpl.getMyList(EssCwaAbnormalServiceImpl.java:39) | rowsReturned=17 | took=952 ms
2026-08-26 06:00:25.329 INFO  [c.a.config.SqlOnlyInterceptor] SQL Execute | mapper=com.ait.sy.syAffirm.mapper.SyAffirmEmailMapper.countPendingApprovals | caller=com.ait.sy.syAffirm.service.impl.SyAffirmEmailServiceImpl.getPendingApprovalCounts(SyAffirmEmailServiceImpl.java:105) | command=SELECT | params=[adminID='11111112'] | sql=SELECT COUNT(1) FROM SY_AFFIRM_EMAIL EM WHERE ACTIVITY = 0 AND AFFIRM_PERSON_ID = '11111112' AND APPLY_AFFIRM_FLAG NOT IN ('14014310', '14014309', '14014308') AND NOT EXISTS (SELECT 1 FROM ESS_LEAVE_APPLY_TB TB WHERE TB.APPLY_NO = EM.APPLY_NO AND TB.BATCH_YN = 2) AND NOT EXISTS (SELECT 1 FROM ESS_APPLY_OT OT WHERE OT.APPLY_NO = EM.APPLY_NO AND OT.BATCH_YN = 2)
2026-08-26 06:00:25.363 INFO  [c.a.config.SqlOnlyInterceptor] SQL Result  | mapper=com.ait.sy.syAffirm.mapper.SyAffirmEmailMapper.countPendingApprovals | caller=com.ait.sy.syAffirm.service.impl.SyAffirmEmailServiceImpl.getPendingApprovalCounts(SyAffirmEmailServiceImpl.java:105) | rowsReturned=1 | took=35 ms
2026-08-26 06:00:25.363 INFO  [c.a.config.SqlOnlyInterceptor] SQL Execute | mapper=com.ait.sy.syAffirm.mapper.SyAffirmEmailMapper.countPendingApprovals | caller=com.ait.sy.syAffirm.service.impl.SyAffirmEmailServiceImpl.getPendingApprovalCounts(SyAffirmEmailServiceImpl.java:108) | command=SELECT | params=[adminID='11111112', applyTypeCodeSearch='21'] | sql=SELECT COUNT(1) FROM SY_AFFIRM_EMAIL EM WHERE ACTIVITY = 0 AND AFFIRM_PERSON_ID = '11111112' AND APPLY_AFFIRM_FLAG NOT IN ('14014310', '14014309', '14014308') AND APPLY_TYPE_CODE = '21' AND NOT EXISTS (SELECT 1 FROM ESS_LEAVE_APPLY_TB TB WHERE TB.APPLY_NO = EM.APPLY_NO AND TB.BATCH_YN = 2) AND NOT EXISTS (SELECT 1 FROM ESS_APPLY_OT OT WHERE OT.APPLY_NO = EM.APPLY_NO AND OT.BATCH_YN = 2)
2026-08-26 06:00:25.379 INFO  [c.a.config.SqlOnlyInterceptor] SQL Result  | mapper=com.ait.sy.syAffirm.mapper.SyAffirmEmailMapper.countPendingApprovals | caller=com.ait.sy.syAffirm.service.impl.SyAffirmEmailServiceImpl.getPendingApprovalCounts(SyAffirmEmailServiceImpl.java:108) | rowsReturned=1 | took=16 ms
2026-08-26 06:00:25.380 INFO  [c.a.config.SqlOnlyInterceptor] SQL Execute | mapper=com.ait.sy.syAffirm.mapper.SyAffirmEmailMapper.countPendingApprovals | caller=com.ait.sy.syAffirm.service.impl.SyAffirmEmailServiceImpl.getPendingApprovalCounts(SyAffirmEmailServiceImpl.java:111) | command=SELECT | params=[adminID='11111112', applyTypeCodeSearch='31'] | sql=SELECT COUNT(1) FROM SY_AFFIRM_EMAIL EM WHERE ACTIVITY = 0 AND AFFIRM_PERSON_ID = '11111112' AND APPLY_AFFIRM_FLAG NOT IN ('14014310', '14014309', '14014308') AND APPLY_TYPE_CODE = '31' AND NOT EXISTS (SELECT 1 FROM ESS_LEAVE_APPLY_TB TB WHERE TB.APPLY_NO = EM.APPLY_NO AND TB.BATCH_YN = 2) AND NOT EXISTS (SELECT 1 FROM ESS_APPLY_OT OT WHERE OT.APPLY_NO = EM.APPLY_NO AND OT.BATCH_YN = 2)
2026-08-26 06:00:25.399 INFO  [c.a.config.SqlOnlyInterceptor] SQL Result  | mapper=com.ait.sy.syAffirm.mapper.SyAffirmEmailMapper.countPendingApprovals | caller=com.ait.sy.syAffirm.service.impl.SyAffirmEmailServiceImpl.getPendingApprovalCounts(SyAffirmEmailServiceImpl.java:111) | rowsReturned=1 | took=19 ms
2026-08-26 06:00:25.401 INFO  [c.a.config.SqlOnlyInterceptor] SQL Execute | mapper=com.ait.sy.syAffirm.mapper.SyAffirmEmailMapper.countPendingApprovals | caller=com.ait.sy.syAffirm.service.impl.SyAffirmEmailServiceImpl.getPendingApprovalCounts(SyAffirmEmailServiceImpl.java:114) | command=SELECT | params=[adminID='11111112', applyTypeCodeSearch='218197'] | sql=SELECT COUNT(1) FROM SY_AFFIRM_EMAIL EM WHERE ACTIVITY = 0 AND AFFIRM_PERSON_ID = '11111112' AND APPLY_AFFIRM_FLAG NOT IN ('14014310', '14014309', '14014308') AND APPLY_TYPE_CODE = '218197' AND NOT EXISTS (SELECT 1 FROM ESS_LEAVE_APPLY_TB TB WHERE TB.APPLY_NO = EM.APPLY_NO AND TB.BATCH_YN = 2) AND NOT EXISTS (SELECT 1 FROM ESS_APPLY_OT OT WHERE OT.APPLY_NO = EM.APPLY_NO AND OT.BATCH_YN = 2)
2026-08-26 06:00:25.417 INFO  [c.a.config.SqlOnlyInterceptor] SQL Result  | mapper=com.ait.sy.syAffirm.mapper.SyAffirmEmailMapper.countPendingApprovals | caller=com.ait.sy.syAffirm.service.impl.SyAffirmEmailServiceImpl.getPendingApprovalCounts(SyAffirmEmailServiceImpl.java:114) | rowsReturned=1 | took=16 ms
2026-08-26 06:01:53.877 INFO  [c.a.s.s.s.SendEmailScheduler] [SyncApprovalStatus] Bắt đầu đồng bộ trạng thái phê duyệt.
2026-08-26 06:01:53.883 INFO  [c.a.config.SqlOnlyInterceptor] SQL Execute | mapper=com.ait.sy.sys.mapper.SendEmailMapper.getSynchronizationApprovalList | caller=com.ait.sy.sys.service.impl.SendEmailServiceImpl.synchronizationApprovalStatus(SendEmailServiceImpl.java:467) | command=SELECT | params=[] | sql=SELECT * FROM ( SELECT ATT.APPLY_NO, ATT.PERSON_ID, ATT.LEAVE_TYPE_NO APPLY_TYPE_NO, ATT.LEAVE_TYPE_CODE APPLY_TYPE_CODE, (CASE WHEN ( TO_DATE(TO_CHAR(ATT.LEAVE_FROM_TIME, 'HH24:MI'), 'HH24:MI') > TO_DATE(SUBSTR(SUBSTR(GET_AR_SHIFT_TIME(GET_AR_SHIFTNO(ATT.PERSON_ID, TO_CHAR(ATT.LEAVE_FROM_TIME, 'YYYY/MM/DD'), 'HAE'), TO_CHAR(ATT.LEAVE_FROM_TIME, 'YYYY/MM/DD'), 'HAE', 'FIRST'), 0, 16), 12, 16), 'HH24:MI') ) THEN '1' ELSE '0' END) TIME_FLAG, ATT.BATCH_YN, ATT.BATCH_NO, ATT.MISDOCID FROM ESS_LEAVE_APPLY_TB ATT WHERE ATT.AFFIRM_FLAG NOT IN ('14014308', '14014309', '14014310') AND ATT.CPNY_ID = 'HAE' AND ATT.ACTIVITY = 1 AND ATT.SEND_EMAIL_FLAG = 1 AND ATT.LEAVE_FROM_TIME >= TO_DATE(TO_CHAR(ADD_MONTHS(SYSDATE,-1),'YYYY/MM/DD'),'YYYY/MM/DD') AND ATT.MISDOCID IS NOT NULL UNION ALL SELECT OT.APPLY_NO, OT.PERSON_ID, OT.OT_TYPE_NO APPLY_TYPE_NO, OT.OT_TYPE_CODE APPLY_TYPE_CODE, '0' TIME_FLAG, OT.BATCH_YN, OT.BATCH_NO, OT.MISDOCID FROM ESS_APPLY_OT OT WHERE OT.AFFIRM_FLAG NOT IN ('14014308', '14014309', '14014310') AND OT.CPNY_ID = 'HAE' AND OT.ACTIVITY = 1 AND OT.SEND_EMAIL_FLAG = 1 AND OT.APPLY_OT_DATE >= TO_DATE(TO_CHAR(ADD_MONTHS(SYSDATE,-1),'YYYY/MM/DD'),'YYYY/MM/DD') AND OT.MISDOCID IS NOT NULL UNION ALL SELECT OTO.APPLY_NO, OTO.PERSON_ID, OTO.OT_TYPE_NO APPLY_TYPE_NO, OTO.OT_TYPE_CODE APPLY_TYPE_CODE, '0' TIME_FLAG, OTO.BATCH_YN, OTO.BATCH_NO, OTO.MISDOCID FROM ESS_APPLY_OT_OVER OTO WHERE OTO.AFFIRM_FLAG NOT IN ('14014308', '14014309', '14014310') AND OTO.CPNY_ID = 'HAE' AND OTO.ACTIVITY = 1 AND OTO.SEND_EMAIL_FLAG = 1 AND OTO.APPLY_OT_DATE >= TO_DATE(TO_CHAR(ADD_MONTHS(SYSDATE,-1),'YYYY/MM/DD'),'YYYY/MM/DD') AND OTO.MISDOCID IS NOT NULL UNION ALL SELECT CARD.APPLY_NO, CARD.PERSON_ID, '218197' APPLY_TYPE_NO, CARD.ITEM_NO APPLY_TYPE_CODE, '0' TIME_FLAG, 0 BATCH_YN, 0 BATCH_NO, CARD.MISDOCID FROM ESS_CARD_APPLY_TB CARD WHERE CARD.AFFIRM_FLAG NOT IN ('14014308', '14014309', '14014310') AND CARD.CPNY_ID = 'HAE' AND CARD.ACTIVITY = '1' AND CARD.SEND_EMAIL_FLAG = 1 AND CARD.CREATE_DATE >= TO_DATE(TO_CHAR(ADD_MONTHS(SYSDATE,-1),'YYYY/MM/DD'),'YYYY/MM/DD') AND CARD.MISDOCID IS NOT NULL ) A ORDER BY A.APPLY_NO
2026-08-26 06:01:53.915 INFO  [c.a.config.SqlOnlyInterceptor] SQL Result  | mapper=com.ait.sy.sys.mapper.SendEmailMapper.getSynchronizationApprovalList | caller=com.ait.sy.sys.service.impl.SendEmailServiceImpl.synchronizationApprovalStatus(SendEmailServiceImpl.java:467) | rowsReturned=0 | took=32 ms
2026-08-26 06:01:53.917 INFO  [c.a.s.s.s.SendEmailScheduler] [SyncApprovalStatus] Hoàn tất đồng bộ trạng thái phê duyệt.
2026-08-26 06:03:25.368 INFO  [c.a.config.SqlOnlyInterceptor] SQL Execute | mapper=com.ait.sy.syAffirm.mapper.SyAffirmEmailMapper.countPendingApprovals | caller=com.ait.sy.syAffirm.service.impl.SyAffirmEmailServiceImpl.getPendingApprovalCounts(SyAffirmEmailServiceImpl.java:105) | command=SELECT | params=[adminID='11111112'] | sql=SELECT COUNT(1) FROM SY_AFFIRM_EMAIL EM WHERE ACTIVITY = 0 AND AFFIRM_PERSON_ID = '11111112' AND APPLY_AFFIRM_FLAG NOT IN ('14014310', '14014309', '14014308') AND NOT EXISTS (SELECT 1 FROM ESS_LEAVE_APPLY_TB TB WHERE TB.APPLY_NO = EM.APPLY_NO AND TB.BATCH_YN = 2) AND NOT EXISTS (SELECT 1 FROM ESS_APPLY_OT OT WHERE OT.APPLY_NO = EM.APPLY_NO AND OT.BATCH_YN = 2)
2026-08-26 06:03:25.405 INFO  [c.a.config.SqlOnlyInterceptor] SQL Result  | mapper=com.ait.sy.syAffirm.mapper.SyAffirmEmailMapper.countPendingApprovals | caller=com.ait.sy.syAffirm.service.impl.SyAffirmEmailServiceImpl.getPendingApprovalCounts(SyAffirmEmailServiceImpl.java:105) | rowsReturned=1 | took=38 ms
2026-08-26 06:03:25.406 INFO  [c.a.config.SqlOnlyInterceptor] SQL Execute | mapper=com.ait.sy.syAffirm.mapper.SyAffirmEmailMapper.countPendingApprovals | caller=com.ait.sy.syAffirm.service.impl.SyAffirmEmailServiceImpl.getPendingApprovalCounts(SyAffirmEmailServiceImpl.java:108) | command=SELECT | params=[adminID='11111112', applyTypeCodeSearch='21'] | sql=SELECT COUNT(1) FROM SY_AFFIRM_EMAIL EM WHERE ACTIVITY = 0 AND AFFIRM_PERSON_ID = '11111112' AND APPLY_AFFIRM_FLAG NOT IN ('14014310', '14014309', '14014308') AND APPLY_TYPE_CODE = '21' AND NOT EXISTS (SELECT 1 FROM ESS_LEAVE_APPLY_TB TB WHERE TB.APPLY_NO = EM.APPLY_NO AND TB.BATCH_YN = 2) AND NOT EXISTS (SELECT 1 FROM ESS_APPLY_OT OT WHERE OT.APPLY_NO = EM.APPLY_NO AND OT.BATCH_YN = 2)
2026-08-26 06:03:25.423 INFO  [c.a.config.SqlOnlyInterceptor] SQL Result  | mapper=com.ait.sy.syAffirm.mapper.SyAffirmEmailMapper.countPendingApprovals | caller=com.ait.sy.syAffirm.service.impl.SyAffirmEmailServiceImpl.getPendingApprovalCounts(SyAffirmEmailServiceImpl.java:108) | rowsReturned=1 | took=17 ms
2026-08-26 06:03:25.424 INFO  [c.a.config.SqlOnlyInterceptor] SQL Execute | mapper=com.ait.sy.syAffirm.mapper.SyAffirmEmailMapper.countPendingApprovals | caller=com.ait.sy.syAffirm.service.impl.SyAffirmEmailServiceImpl.getPendingApprovalCounts(SyAffirmEmailServiceImpl.java:111) | command=SELECT | params=[adminID='11111112', applyTypeCodeSearch='31'] | sql=SELECT COUNT(1) FROM SY_AFFIRM_EMAIL EM WHERE ACTIVITY = 0 AND AFFIRM_PERSON_ID = '11111112' AND APPLY_AFFIRM_FLAG NOT IN ('14014310', '14014309', '14014308') AND APPLY_TYPE_CODE = '31' AND NOT EXISTS (SELECT 1 FROM ESS_LEAVE_APPLY_TB TB WHERE TB.APPLY_NO = EM.APPLY_NO AND TB.BATCH_YN = 2) AND NOT EXISTS (SELECT 1 FROM ESS_APPLY_OT OT WHERE OT.APPLY_NO = EM.APPLY_NO AND OT.BATCH_YN = 2)
2026-08-26 06:03:25.443 INFO  [c.a.config.SqlOnlyInterceptor] SQL Result  | mapper=com.ait.sy.syAffirm.mapper.SyAffirmEmailMapper.countPendingApprovals | caller=com.ait.sy.syAffirm.service.impl.SyAffirmEmailServiceImpl.getPendingApprovalCounts(SyAffirmEmailServiceImpl.java:111) | rowsReturned=1 | took=18 ms
2026-08-26 06:03:25.445 INFO  [c.a.config.SqlOnlyInterceptor] SQL Execute | mapper=com.ait.sy.syAffirm.mapper.SyAffirmEmailMapper.countPendingApprovals | caller=com.ait.sy.syAffirm.service.impl.SyAffirmEmailServiceImpl.getPendingApprovalCounts(SyAffirmEmailServiceImpl.java:114) | command=SELECT | params=[adminID='11111112', applyTypeCodeSearch='218197'] | sql=SELECT COUNT(1) FROM SY_AFFIRM_EMAIL EM WHERE ACTIVITY = 0 AND AFFIRM_PERSON_ID = '11111112' AND APPLY_AFFIRM_FLAG NOT IN ('14014310', '14014309', '14014308') AND APPLY_TYPE_CODE = '218197' AND NOT EXISTS (SELECT 1 FROM ESS_LEAVE_APPLY_TB TB WHERE TB.APPLY_NO = EM.APPLY_NO AND TB.BATCH_YN = 2) AND NOT EXISTS (SELECT 1 FROM ESS_APPLY_OT OT WHERE OT.APPLY_NO = EM.APPLY_NO AND OT.BATCH_YN = 2)
2026-08-26 06:03:25.464 INFO  [c.a.config.SqlOnlyInterceptor] SQL Result  | mapper=com.ait.sy.syAffirm.mapper.SyAffirmEmailMapper.countPendingApprovals | caller=com.ait.sy.syAffirm.service.impl.SyAffirmEmailServiceImpl.getPendingApprovalCounts(SyAffirmEmailServiceImpl.java:114) | rowsReturned=1 | took=20 ms
2026-08-26 06:05:00.010 INFO  [c.a.a.a.s.ArCardRecordScheduler] [AutoImport] Bắt đầu tự động đọc dữ liệu quẹt thẻ: fromDate=2026-08-24, toDate=2026-08-26
2026-08-26 06:05:00.068 INFO  [c.a.a.a.s.i.ArCardRecordServiceImpl] [importFromDevice] Bắt đầu đọc dữ liệu quẹt thẻ từ máy chủ, fromDate=2026-08-24, toDate=2026-08-26
2026-08-26 06:05:30.256 ERROR [c.a.a.a.s.i.ArCardRecordServiceImpl] [importFromDevice] Lỗi kết nối hoặc xử lý dữ liệu
com.microsoft.sqlserver.jdbc.SQLServerException: The TCP/IP connection to the host 10.44.7.241, port 1433 has failed. Error: "connect timed out. Verify the connection properties. Make sure that an instance of SQL Server is running on the host and accepting TCP/IP connections at the port. Make sure that TCP connections to the port are not blocked by a firewall.".
	at at com.microsoft.sqlserver.jdbc.SQLServerException.makeFromDriverError(SQLServerException.java:231)
2026-08-26 06:05:30.274 ERROR [c.a.a.a.s.ArCardRecordScheduler] [AutoImport] Thất bại: Lỗi kết nối máy chủ quẹt thẻ: The TCP/IP connection to the host 10.44.7.241, port 1433 has failed. Error: "connect timed out. Verify the connection properties. Make sure that an instance of SQL Server is running on the host and accepting TCP/IP connections at the port. Make sure that TCP connections to the port are not blocked by a firewall.".
2026-08-26 06:06:25.326 INFO  [c.a.config.SqlOnlyInterceptor] SQL Execute | mapper=com.ait.sy.syAffirm.mapper.SyAffirmEmailMapper.countPendingApprovals | caller=com.ait.sy.syAffirm.service.impl.SyAffirmEmailServiceImpl.getPendingApprovalCounts(SyAffirmEmailServiceImpl.java:105) | command=SELECT | params=[adminID='11111112'] | sql=SELECT COUNT(1) FROM SY_AFFIRM_EMAIL EM WHERE ACTIVITY = 0 AND AFFIRM_PERSON_ID = '11111112' AND APPLY_AFFIRM_FLAG NOT IN ('14014310', '14014309', '14014308') AND NOT EXISTS (SELECT 1 FROM ESS_LEAVE_APPLY_TB TB WHERE TB.APPLY_NO = EM.APPLY_NO AND TB.BATCH_YN = 2) AND NOT EXISTS (SELECT 1 FROM ESS_APPLY_OT OT WHERE OT.APPLY_NO = EM.APPLY_NO AND OT.BATCH_YN = 2)
2026-08-26 06:06:25.366 INFO  [c.a.config.SqlOnlyInterceptor] SQL Result  | mapper=com.ait.sy.syAffirm.mapper.SyAffirmEmailMapper.countPendingApprovals | caller=com.ait.sy.syAffirm.service.impl.SyAffirmEmailServiceImpl.getPendingApprovalCounts(SyAffirmEmailServiceImpl.java:105) | rowsReturned=1 | took=41 ms
2026-08-26 06:06:25.369 INFO  [c.a.config.SqlOnlyInterceptor] SQL Execute | mapper=com.ait.sy.syAffirm.mapper.SyAffirmEmailMapper.countPendingApprovals | caller=com.ait.sy.syAffirm.service.impl.SyAffirmEmailServiceImpl.getPendingApprovalCounts(SyAffirmEmailServiceImpl.java:108) | command=SELECT | params=[adminID='11111112', applyTypeCodeSearch='21'] | sql=SELECT COUNT(1) FROM SY_AFFIRM_EMAIL EM WHERE ACTIVITY = 0 AND AFFIRM_PERSON_ID = '11111112' AND APPLY_AFFIRM_FLAG NOT IN ('14014310', '14014309', '14014308') AND APPLY_TYPE_CODE = '21' AND NOT EXISTS (SELECT 1 FROM ESS_LEAVE_APPLY_TB TB WHERE TB.APPLY_NO = EM.APPLY_NO AND TB.BATCH_YN = 2) AND NOT EXISTS (SELECT 1 FROM ESS_APPLY_OT OT WHERE OT.APPLY_NO = EM.APPLY_NO AND OT.BATCH_YN = 2)
2026-08-26 06:06:25.390 INFO  [c.a.config.SqlOnlyInterceptor] SQL Result  | mapper=com.ait.sy.syAffirm.mapper.SyAffirmEmailMapper.countPendingApprovals | caller=com.ait.sy.syAffirm.service.impl.SyAffirmEmailServiceImpl.getPendingApprovalCounts(SyAffirmEmailServiceImpl.java:108) | rowsReturned=1 | took=20 ms
2026-08-26 06:06:25.392 INFO  [c.a.config.SqlOnlyInterceptor] SQL Execute | mapper=com.ait.sy.syAffirm.mapper.SyAffirmEmailMapper.countPendingApprovals | caller=com.ait.sy.syAffirm.service.impl.SyAffirmEmailServiceImpl.getPendingApprovalCounts(SyAffirmEmailServiceImpl.java:111) | command=SELECT | params=[adminID='11111112', applyTypeCodeSearch='31'] | sql=SELECT COUNT(1) FROM SY_AFFIRM_EMAIL EM WHERE ACTIVITY = 0 AND AFFIRM_PERSON_ID = '11111112' AND APPLY_AFFIRM_FLAG NOT IN ('14014310', '14014309', '14014308') AND APPLY_TYPE_CODE = '31' AND NOT EXISTS (SELECT 1 FROM ESS_LEAVE_APPLY_TB TB WHERE TB.APPLY_NO = EM.APPLY_NO AND TB.BATCH_YN = 2) AND NOT EXISTS (SELECT 1 FROM ESS_APPLY_OT OT WHERE OT.APPLY_NO = EM.APPLY_NO AND OT.BATCH_YN = 2)
2026-08-26 06:06:25.410 INFO  [c.a.config.SqlOnlyInterceptor] SQL Result  | mapper=com.ait.sy.syAffirm.mapper.SyAffirmEmailMapper.countPendingApprovals | caller=com.ait.sy.syAffirm.service.impl.SyAffirmEmailServiceImpl.getPendingApprovalCounts(SyAffirmEmailServiceImpl.java:111) | rowsReturned=1 | took=18 ms
2026-08-26 06:06:25.431 INFO  [c.a.config.SqlOnlyInterceptor] SQL Execute | mapper=com.ait.sy.syAffirm.mapper.SyAffirmEmailMapper.countPendingApprovals | caller=com.ait.sy.syAffirm.service.impl.SyAffirmEmailServiceImpl.getPendingApprovalCounts(SyAffirmEmailServiceImpl.java:114) | command=SELECT | params=[adminID='11111112', applyTypeCodeSearch='218197'] | sql=SELECT COUNT(1) FROM SY_AFFIRM_EMAIL EM WHERE ACTIVITY = 0 AND AFFIRM_PERSON_ID = '11111112' AND APPLY_AFFIRM_FLAG NOT IN ('14014310', '14014309', '14014308') AND APPLY_TYPE_CODE = '218197' AND NOT EXISTS (SELECT 1 FROM ESS_LEAVE_APPLY_TB TB WHERE TB.APPLY_NO = EM.APPLY_NO AND TB.BATCH_YN = 2) AND NOT EXISTS (SELECT 1 FROM ESS_APPLY_OT OT WHERE OT.APPLY_NO = EM.APPLY_NO AND OT.BATCH_YN = 2)
2026-08-26 06:06:25.449 INFO  [c.a.config.SqlOnlyInterceptor] SQL Result  | mapper=com.ait.sy.syAffirm.mapper.SyAffirmEmailMapper.countPendingApprovals | caller=com.ait.sy.syAffirm.service.impl.SyAffirmEmailServiceImpl.getPendingApprovalCounts(SyAffirmEmailServiceImpl.java:114) | rowsReturned=1 | took=18 ms
2026-08-26 06:06:53.887 INFO  [c.a.s.s.s.SendEmailScheduler] [SyncApprovalStatus] Bắt đầu đồng bộ trạng thái phê duyệt.
2026-08-26 06:06:53.891 INFO  [c.a.config.SqlOnlyInterceptor] SQL Execute | mapper=com.ait.sy.sys.mapper.SendEmailMapper.getSynchronizationApprovalList | caller=com.ait.sy.sys.service.impl.SendEmailServiceImpl.synchronizationApprovalStatus(SendEmailServiceImpl.java:467) | command=SELECT | params=[] | sql=SELECT * FROM ( SELECT ATT.APPLY_NO, ATT.PERSON_ID, ATT.LEAVE_TYPE_NO APPLY_TYPE_NO, ATT.LEAVE_TYPE_CODE APPLY_TYPE_CODE, (CASE WHEN ( TO_DATE(TO_CHAR(ATT.LEAVE_FROM_TIME, 'HH24:MI'), 'HH24:MI') > TO_DATE(SUBSTR(SUBSTR(GET_AR_SHIFT_TIME(GET_AR_SHIFTNO(ATT.PERSON_ID, TO_CHAR(ATT.LEAVE_FROM_TIME, 'YYYY/MM/DD'), 'HAE'), TO_CHAR(ATT.LEAVE_FROM_TIME, 'YYYY/MM/DD'), 'HAE', 'FIRST'), 0, 16), 12, 16), 'HH24:MI') ) THEN '1' ELSE '0' END) TIME_FLAG, ATT.BATCH_YN, ATT.BATCH_NO, ATT.MISDOCID FROM ESS_LEAVE_APPLY_TB ATT WHERE ATT.AFFIRM_FLAG NOT IN ('14014308', '14014309', '14014310') AND ATT.CPNY_ID = 'HAE' AND ATT.ACTIVITY = 1 AND ATT.SEND_EMAIL_FLAG = 1 AND ATT.LEAVE_FROM_TIME >= TO_DATE(TO_CHAR(ADD_MONTHS(SYSDATE,-1),'YYYY/MM/DD'),'YYYY/MM/DD') AND ATT.MISDOCID IS NOT NULL UNION ALL SELECT OT.APPLY_NO, OT.PERSON_ID, OT.OT_TYPE_NO APPLY_TYPE_NO, OT.OT_TYPE_CODE APPLY_TYPE_CODE, '0' TIME_FLAG, OT.BATCH_YN, OT.BATCH_NO, OT.MISDOCID FROM ESS_APPLY_OT OT WHERE OT.AFFIRM_FLAG NOT IN ('14014308', '14014309', '14014310') AND OT.CPNY_ID = 'HAE' AND OT.ACTIVITY = 1 AND OT.SEND_EMAIL_FLAG = 1 AND OT.APPLY_OT_DATE >= TO_DATE(TO_CHAR(ADD_MONTHS(SYSDATE,-1),'YYYY/MM/DD'),'YYYY/MM/DD') AND OT.MISDOCID IS NOT NULL UNION ALL SELECT OTO.APPLY_NO, OTO.PERSON_ID, OTO.OT_TYPE_NO APPLY_TYPE_NO, OTO.OT_TYPE_CODE APPLY_TYPE_CODE, '0' TIME_FLAG, OTO.BATCH_YN, OTO.BATCH_NO, OTO.MISDOCID FROM ESS_APPLY_OT_OVER OTO WHERE OTO.AFFIRM_FLAG NOT IN ('14014308', '14014309', '14014310') AND OTO.CPNY_ID = 'HAE' AND OTO.ACTIVITY = 1 AND OTO.SEND_EMAIL_FLAG = 1 AND OTO.APPLY_OT_DATE >= TO_DATE(TO_CHAR(ADD_MONTHS(SYSDATE,-1),'YYYY/MM/DD'),'YYYY/MM/DD') AND OTO.MISDOCID IS NOT NULL UNION ALL SELECT CARD.APPLY_NO, CARD.PERSON_ID, '218197' APPLY_TYPE_NO, CARD.ITEM_NO APPLY_TYPE_CODE, '0' TIME_FLAG, 0 BATCH_YN, 0 BATCH_NO, CARD.MISDOCID FROM ESS_CARD_APPLY_TB CARD WHERE CARD.AFFIRM_FLAG NOT IN ('14014308', '14014309', '14014310') AND CARD.CPNY_ID = 'HAE' AND CARD.ACTIVITY = '1' AND CARD.SEND_EMAIL_FLAG = 1 AND CARD.CREATE_DATE >= TO_DATE(TO_CHAR(ADD_MONTHS(SYSDATE,-1),'YYYY/MM/DD'),'YYYY/MM/DD') AND CARD.MISDOCID IS NOT NULL ) A ORDER BY A.APPLY_NO
2026-08-26 06:06:53.951 INFO  [c.a.config.SqlOnlyInterceptor] SQL Result  | mapper=com.ait.sy.sys.mapper.SendEmailMapper.getSynchronizationApprovalList | caller=com.ait.sy.sys.service.impl.SendEmailServiceImpl.synchronizationApprovalStatus(SendEmailServiceImpl.java:467) | rowsReturned=0 | took=60 ms
2026-08-26 06:06:53.953 INFO  [c.a.s.s.s.SendEmailScheduler] [SyncApprovalStatus] Hoàn tất đồng bộ trạng thái phê duyệt.
2026-08-26 06:08:41.984 WARN  [o.a.c.l.WebappClassLoaderBase] The web application [ROOT] appears to have started a thread named [oracle.jdbc.driver.BlockSource.ThreadedCachingBlockSource.BlockReleaser] but has failed to stop it. This is very likely to create a memory leak. Stack trace of thread:
 java.base@11.0.30/jdk.internal.misc.Unsafe.park(Native Method)
 java.base@11.0.30/java.util.concurrent.locks.LockSupport.parkNanos(LockSupport.java:234)
 java.base@11.0.30/java.util.concurrent.locks.AbstractQueuedSynchronizer$ConditionObject.awaitNanos(AbstractQueuedSynchronizer.java:2123)
 app//oracle.jdbc.internal.Monitor$WaitableMonitor.monitorWait(Monitor.java:258)
 app//oracle.jdbc.internal.Monitor$WaitableMonitor.monitorWait(Monitor.java:240)
 app//oracle.jdbc.driver.BlockSource$ThreadedCachingBlockSource$BlockReleaser.run(BlockSource.java:345)
2026-08-26 06:08:41.984 WARN  [o.a.c.l.WebappClassLoaderBase] The web application [ROOT] appears to have started a thread named [InterruptTimer] but has failed to stop it. This is very likely to create a memory leak. Stack trace of thread:
 java.base@11.0.30/java.lang.Object.wait(Native Method)
 java.base@11.0.30/java.util.TimerThread.mainLoop(Timer.java:553)
 java.base@11.0.30/java.util.TimerThread.run(Timer.java:506)
2026-08-26 06:08:41.985 WARN  [o.a.c.l.WebappClassLoaderBase] The web application [ROOT] appears to have started a thread named [HrAppPool housekeeper] but has failed to stop it. This is very likely to create a memory leak. Stack trace of thread:
 java.base@11.0.30/jdk.internal.misc.Unsafe.park(Native Method)
 java.base@11.0.30/java.util.concurrent.locks.LockSupport.parkNanos(LockSupport.java:234)
 java.base@11.0.30/java.util.concurrent.locks.AbstractQueuedSynchronizer$ConditionObject.awaitNanos(AbstractQueuedSynchronizer.java:2123)
 java.base@11.0.30/java.util.concurrent.ScheduledThreadPoolExecutor$DelayedWorkQueue.take(ScheduledThreadPoolExecutor.java:1182)
 java.base@11.0.30/java.util.concurrent.ScheduledThreadPoolExecutor$DelayedWorkQueue.take(ScheduledThreadPoolExecutor.java:899)
 java.base@11.0.30/java.util.concurrent.ThreadPoolExecutor.getTask(ThreadPoolExecutor.java:1054)
 java.base@11.0.30/java.util.concurrent.ThreadPoolExecutor.runWorker(ThreadPoolExecutor.java:1114)
 java.base@11.0.30/java.util.concurrent.ThreadPoolExecutor$Worker.run(ThreadPoolExecutor.java:628)
 java.base@11.0.30/java.lang.Thread.run(Thread.java:834)
2026-08-26 06:08:46.407 WARN  [o.s.b.a.s.s.UserDetailsServiceAutoConfiguration] 

Using generated security password: e3ad8adf-abd2-4c14-ae79-94f954080f95

This generated password is for development use only. Your security configuration must be updated before running your application in production.

2026-08-26 06:08:46.848 INFO  [c.a.s.s.s.SendEmailScheduler] [SyncApprovalStatus] Bắt đầu đồng bộ trạng thái phê duyệt.
2026-08-26 06:08:46.875 INFO  [c.a.config.SqlOnlyInterceptor] SQL Execute | mapper=com.ait.sy.sys.mapper.SendEmailMapper.getSynchronizationApprovalList | caller=com.ait.sy.sys.service.impl.SendEmailServiceImpl.synchronizationApprovalStatus(SendEmailServiceImpl.java:467) | command=SELECT | params=[] | sql=SELECT * FROM ( SELECT ATT.APPLY_NO, ATT.PERSON_ID, ATT.LEAVE_TYPE_NO APPLY_TYPE_NO, ATT.LEAVE_TYPE_CODE APPLY_TYPE_CODE, (CASE WHEN ( TO_DATE(TO_CHAR(ATT.LEAVE_FROM_TIME, 'HH24:MI'), 'HH24:MI') > TO_DATE(SUBSTR(SUBSTR(GET_AR_SHIFT_TIME(GET_AR_SHIFTNO(ATT.PERSON_ID, TO_CHAR(ATT.LEAVE_FROM_TIME, 'YYYY/MM/DD'), 'HAE'), TO_CHAR(ATT.LEAVE_FROM_TIME, 'YYYY/MM/DD'), 'HAE', 'FIRST'), 0, 16), 12, 16), 'HH24:MI') ) THEN '1' ELSE '0' END) TIME_FLAG, ATT.BATCH_YN, ATT.BATCH_NO, ATT.MISDOCID FROM ESS_LEAVE_APPLY_TB ATT WHERE ATT.AFFIRM_FLAG NOT IN ('14014308', '14014309', '14014310') AND ATT.CPNY_ID = 'HAE' AND ATT.ACTIVITY = 1 AND ATT.SEND_EMAIL_FLAG = 1 AND ATT.LEAVE_FROM_TIME >= TO_DATE(TO_CHAR(ADD_MONTHS(SYSDATE,-1),'YYYY/MM/DD'),'YYYY/MM/DD') AND ATT.MISDOCID IS NOT NULL UNION ALL SELECT OT.APPLY_NO, OT.PERSON_ID, OT.OT_TYPE_NO APPLY_TYPE_NO, OT.OT_TYPE_CODE APPLY_TYPE_CODE, '0' TIME_FLAG, OT.BATCH_YN, OT.BATCH_NO, OT.MISDOCID FROM ESS_APPLY_OT OT WHERE OT.AFFIRM_FLAG NOT IN ('14014308', '14014309', '14014310') AND OT.CPNY_ID = 'HAE' AND OT.ACTIVITY = 1 AND OT.SEND_EMAIL_FLAG = 1 AND OT.APPLY_OT_DATE >= TO_DATE(TO_CHAR(ADD_MONTHS(SYSDATE,-1),'YYYY/MM/DD'),'YYYY/MM/DD') AND OT.MISDOCID IS NOT NULL UNION ALL SELECT OTO.APPLY_NO, OTO.PERSON_ID, OTO.OT_TYPE_NO APPLY_TYPE_NO, OTO.OT_TYPE_CODE APPLY_TYPE_CODE, '0' TIME_FLAG, OTO.BATCH_YN, OTO.BATCH_NO, OTO.MISDOCID FROM ESS_APPLY_OT_OVER OTO WHERE OTO.AFFIRM_FLAG NOT IN ('14014308', '14014309', '14014310') AND OTO.CPNY_ID = 'HAE' AND OTO.ACTIVITY = 1 AND OTO.SEND_EMAIL_FLAG = 1 AND OTO.APPLY_OT_DATE >= TO_DATE(TO_CHAR(ADD_MONTHS(SYSDATE,-1),'YYYY/MM/DD'),'YYYY/MM/DD') AND OTO.MISDOCID IS NOT NULL UNION ALL SELECT CARD.APPLY_NO, CARD.PERSON_ID, '218197' APPLY_TYPE_NO, CARD.ITEM_NO APPLY_TYPE_CODE, '0' TIME_FLAG, 0 BATCH_YN, 0 BATCH_NO, CARD.MISDOCID FROM ESS_CARD_APPLY_TB CARD WHERE CARD.AFFIRM_FLAG NOT IN ('14014308', '14014309', '14014310') AND CARD.CPNY_ID = 'HAE' AND CARD.ACTIVITY = '1' AND CARD.SEND_EMAIL_FLAG = 1 AND CARD.CREATE_DATE >= TO_DATE(TO_CHAR(ADD_MONTHS(SYSDATE,-1),'YYYY/MM/DD'),'YYYY/MM/DD') AND CARD.MISDOCID IS NOT NULL ) A ORDER BY A.APPLY_NO
2026-08-26 06:08:46.905 INFO  [c.a.config.SqlOnlyInterceptor] SQL Result  | mapper=com.ait.sy.sys.mapper.SendEmailMapper.getSynchronizationApprovalList | caller=com.ait.sy.sys.service.impl.SendEmailServiceImpl.synchronizationApprovalStatus(SendEmailServiceImpl.java:467) | rowsReturned=0 | took=30 ms
2026-08-26 06:08:46.907 INFO  [c.a.s.s.s.SendEmailScheduler] [SyncApprovalStatus] Hoàn tất đồng bộ trạng thái phê duyệt.
2026-08-26 06:08:48.704 WARN  [o.a.c.l.WebappClassLoaderBase] The web application [ROOT] appears to have started a thread named [OJDBC-WORKER-THREAD-3] but has failed to stop it. This is very likely to create a memory leak. Stack trace of thread:
 java.base@11.0.30/jdk.internal.misc.Unsafe.park(Native Method)
 java.base@11.0.30/java.util.concurrent.locks.LockSupport.parkNanos(LockSupport.java:234)
 java.base@11.0.30/java.util.concurrent.SynchronousQueue$TransferStack.awaitFulfill(SynchronousQueue.java:462)
 java.base@11.0.30/java.util.concurrent.SynchronousQueue$TransferStack.transfer(SynchronousQueue.java:361)
 java.base@11.0.30/java.util.concurrent.SynchronousQueue.poll(SynchronousQueue.java:937)
 java.base@11.0.30/java.util.concurrent.ThreadPoolExecutor.getTask(ThreadPoolExecutor.java:1053)
 java.base@11.0.30/java.util.concurrent.ThreadPoolExecutor.runWorker(ThreadPoolExecutor.java:1114)
 java.base@11.0.30/java.util.concurrent.ThreadPoolExecutor$Worker.run(ThreadPoolExecutor.java:628)
 java.base@11.0.30/java.lang.Thread.run(Thread.java:834)
2026-08-26 06:08:48.705 WARN  [o.a.c.l.WebappClassLoaderBase] The web application [ROOT] appears to have started a thread named [HrAppPool housekeeper] but has failed to stop it. This is very likely to create a memory leak. Stack trace of thread:
 java.base@11.0.30/jdk.internal.misc.Unsafe.park(Native Method)
 java.base@11.0.30/java.util.concurrent.locks.LockSupport.parkNanos(LockSupport.java:234)
 java.base@11.0.30/java.util.concurrent.locks.AbstractQueuedSynchronizer$ConditionObject.awaitNanos(AbstractQueuedSynchronizer.java:2123)
 java.base@11.0.30/java.util.concurrent.ScheduledThreadPoolExecutor$DelayedWorkQueue.take(ScheduledThreadPoolExecutor.java:1182)
 java.base@11.0.30/java.util.concurrent.ScheduledThreadPoolExecutor$DelayedWorkQueue.take(ScheduledThreadPoolExecutor.java:899)
 java.base@11.0.30/java.util.concurrent.ThreadPoolExecutor.getTask(ThreadPoolExecutor.java:1054)
 java.base@11.0.30/java.util.concurrent.ThreadPoolExecutor.runWorker(ThreadPoolExecutor.java:1114)
 java.base@11.0.30/java.util.concurrent.ThreadPoolExecutor$Worker.run(ThreadPoolExecutor.java:628)
 java.base@11.0.30/java.lang.Thread.run(Thread.java:834)
2026-08-26 06:08:48.706 WARN  [o.a.c.l.WebappClassLoaderBase] The web application [ROOT] appears to have started a thread named [HrAppPool connection adder] but has failed to stop it. This is very likely to create a memory leak. Stack trace of thread:
 java.base@11.0.30/jdk.internal.misc.Unsafe.park(Native Method)
 java.base@11.0.30/java.util.concurrent.locks.LockSupport.parkNanos(LockSupport.java:234)
 java.base@11.0.30/java.util.concurrent.locks.AbstractQueuedSynchronizer$ConditionObject.awaitNanos(AbstractQueuedSynchronizer.java:2123)
 java.base@11.0.30/java.util.concurrent.LinkedBlockingQueue.poll(LinkedBlockingQueue.java:458)
 java.base@11.0.30/java.util.concurrent.ThreadPoolExecutor.getTask(ThreadPoolExecutor.java:1053)
 java.base@11.0.30/java.util.concurrent.ThreadPoolExecutor.runWorker(ThreadPoolExecutor.java:1114)
 java.base@11.0.30/java.util.concurrent.ThreadPoolExecutor$Worker.run(ThreadPoolExecutor.java:628)
 java.base@11.0.30/java.lang.Thread.run(Thread.java:834)
2026-08-26 06:08:51.589 WARN  [o.s.b.a.s.s.UserDetailsServiceAutoConfiguration] 

Using generated security password: 2fd31fe6-36fa-45a9-891d-747921f7bdaf

This generated password is for development use only. Your security configuration must be updated before running your application in production.

2026-08-26 06:08:52.147 INFO  [c.a.s.s.s.SendEmailScheduler] [SyncApprovalStatus] Bắt đầu đồng bộ trạng thái phê duyệt.
2026-08-26 06:08:52.170 INFO  [c.a.config.SqlOnlyInterceptor] SQL Execute | mapper=com.ait.sy.sys.mapper.SendEmailMapper.getSynchronizationApprovalList | caller=com.ait.sy.sys.service.impl.SendEmailServiceImpl.synchronizationApprovalStatus(SendEmailServiceImpl.java:467) | command=SELECT | params=[] | sql=SELECT * FROM ( SELECT ATT.APPLY_NO, ATT.PERSON_ID, ATT.LEAVE_TYPE_NO APPLY_TYPE_NO, ATT.LEAVE_TYPE_CODE APPLY_TYPE_CODE, (CASE WHEN ( TO_DATE(TO_CHAR(ATT.LEAVE_FROM_TIME, 'HH24:MI'), 'HH24:MI') > TO_DATE(SUBSTR(SUBSTR(GET_AR_SHIFT_TIME(GET_AR_SHIFTNO(ATT.PERSON_ID, TO_CHAR(ATT.LEAVE_FROM_TIME, 'YYYY/MM/DD'), 'HAE'), TO_CHAR(ATT.LEAVE_FROM_TIME, 'YYYY/MM/DD'), 'HAE', 'FIRST'), 0, 16), 12, 16), 'HH24:MI') ) THEN '1' ELSE '0' END) TIME_FLAG, ATT.BATCH_YN, ATT.BATCH_NO, ATT.MISDOCID FROM ESS_LEAVE_APPLY_TB ATT WHERE ATT.AFFIRM_FLAG NOT IN ('14014308', '14014309', '14014310') AND ATT.CPNY_ID = 'HAE' AND ATT.ACTIVITY = 1 AND ATT.SEND_EMAIL_FLAG = 1 AND ATT.LEAVE_FROM_TIME >= TO_DATE(TO_CHAR(ADD_MONTHS(SYSDATE,-1),'YYYY/MM/DD'),'YYYY/MM/DD') AND ATT.MISDOCID IS NOT NULL UNION ALL SELECT OT.APPLY_NO, OT.PERSON_ID, OT.OT_TYPE_NO APPLY_TYPE_NO, OT.OT_TYPE_CODE APPLY_TYPE_CODE, '0' TIME_FLAG, OT.BATCH_YN, OT.BATCH_NO, OT.MISDOCID FROM ESS_APPLY_OT OT WHERE OT.AFFIRM_FLAG NOT IN ('14014308', '14014309', '14014310') AND OT.CPNY_ID = 'HAE' AND OT.ACTIVITY = 1 AND OT.SEND_EMAIL_FLAG = 1 AND OT.APPLY_OT_DATE >= TO_DATE(TO_CHAR(ADD_MONTHS(SYSDATE,-1),'YYYY/MM/DD'),'YYYY/MM/DD') AND OT.MISDOCID IS NOT NULL UNION ALL SELECT OTO.APPLY_NO, OTO.PERSON_ID, OTO.OT_TYPE_NO APPLY_TYPE_NO, OTO.OT_TYPE_CODE APPLY_TYPE_CODE, '0' TIME_FLAG, OTO.BATCH_YN, OTO.BATCH_NO, OTO.MISDOCID FROM ESS_APPLY_OT_OVER OTO WHERE OTO.AFFIRM_FLAG NOT IN ('14014308', '14014309', '14014310') AND OTO.CPNY_ID = 'HAE' AND OTO.ACTIVITY = 1 AND OTO.SEND_EMAIL_FLAG = 1 AND OTO.APPLY_OT_DATE >= TO_DATE(TO_CHAR(ADD_MONTHS(SYSDATE,-1),'YYYY/MM/DD'),'YYYY/MM/DD') AND OTO.MISDOCID IS NOT NULL UNION ALL SELECT CARD.APPLY_NO, CARD.PERSON_ID, '218197' APPLY_TYPE_NO, CARD.ITEM_NO APPLY_TYPE_CODE, '0' TIME_FLAG, 0 BATCH_YN, 0 BATCH_NO, CARD.MISDOCID FROM ESS_CARD_APPLY_TB CARD WHERE CARD.AFFIRM_FLAG NOT IN ('14014308', '14014309', '14014310') AND CARD.CPNY_ID = 'HAE' AND CARD.ACTIVITY = '1' AND CARD.SEND_EMAIL_FLAG = 1 AND CARD.CREATE_DATE >= TO_DATE(TO_CHAR(ADD_MONTHS(SYSDATE,-1),'YYYY/MM/DD'),'YYYY/MM/DD') AND CARD.MISDOCID IS NOT NULL ) A ORDER BY A.APPLY_NO
2026-08-26 06:08:52.213 INFO  [c.a.config.SqlOnlyInterceptor] SQL Result  | mapper=com.ait.sy.sys.mapper.SendEmailMapper.getSynchronizationApprovalList | caller=com.ait.sy.sys.service.impl.SendEmailServiceImpl.synchronizationApprovalStatus(SendEmailServiceImpl.java:467) | rowsReturned=0 | took=44 ms
2026-08-26 06:08:52.215 INFO  [c.a.s.s.s.SendEmailScheduler] [SyncApprovalStatus] Hoàn tất đồng bộ trạng thái phê duyệt.
2026-08-26 06:08:54.899 WARN  [o.a.c.l.WebappClassLoaderBase] The web application [ROOT] appears to have started a thread named [HrAppPool housekeeper] but has failed to stop it. This is very likely to create a memory leak. Stack trace of thread:
 java.base@11.0.30/jdk.internal.misc.Unsafe.park(Native Method)
 java.base@11.0.30/java.util.concurrent.locks.LockSupport.parkNanos(LockSupport.java:234)
 java.base@11.0.30/java.util.concurrent.locks.AbstractQueuedSynchronizer$ConditionObject.awaitNanos(AbstractQueuedSynchronizer.java:2123)
 java.base@11.0.30/java.util.concurrent.ScheduledThreadPoolExecutor$DelayedWorkQueue.take(ScheduledThreadPoolExecutor.java:1182)
 java.base@11.0.30/java.util.concurrent.ScheduledThreadPoolExecutor$DelayedWorkQueue.take(ScheduledThreadPoolExecutor.java:899)
 java.base@11.0.30/java.util.concurrent.ThreadPoolExecutor.getTask(ThreadPoolExecutor.java:1054)
 java.base@11.0.30/java.util.concurrent.ThreadPoolExecutor.runWorker(ThreadPoolExecutor.java:1114)
 java.base@11.0.30/java.util.concurrent.ThreadPoolExecutor$Worker.run(ThreadPoolExecutor.java:628)
 java.base@11.0.30/java.lang.Thread.run(Thread.java:834)
2026-08-26 06:08:54.900 WARN  [o.a.c.l.WebappClassLoaderBase] The web application [ROOT] appears to have started a thread named [HrAppPool connection adder] but has failed to stop it. This is very likely to create a memory leak. Stack trace of thread:
 java.base@11.0.30/jdk.internal.misc.Unsafe.park(Native Method)
 java.base@11.0.30/java.util.concurrent.locks.LockSupport.parkNanos(LockSupport.java:234)
 java.base@11.0.30/java.util.concurrent.locks.AbstractQueuedSynchronizer$ConditionObject.awaitNanos(AbstractQueuedSynchronizer.java:2123)
 java.base@11.0.30/java.util.concurrent.LinkedBlockingQueue.poll(LinkedBlockingQueue.java:458)
 java.base@11.0.30/java.util.concurrent.ThreadPoolExecutor.getTask(ThreadPoolExecutor.java:1053)
 java.base@11.0.30/java.util.concurrent.ThreadPoolExecutor.runWorker(ThreadPoolExecutor.java:1114)
 java.base@11.0.30/java.util.concurrent.ThreadPoolExecutor$Worker.run(ThreadPoolExecutor.java:628)
 java.base@11.0.30/java.lang.Thread.run(Thread.java:834)
2026-08-26 06:08:57.646 WARN  [o.s.b.a.s.s.UserDetailsServiceAutoConfiguration] 

Using generated security password: 3b74da33-f71b-4183-9ef7-a536614121db

This generated password is for development use only. Your security configuration must be updated before running your application in production.

2026-08-26 06:08:57.951 INFO  [c.a.s.s.s.SendEmailScheduler] [SyncApprovalStatus] Bắt đầu đồng bộ trạng thái phê duyệt.
2026-08-26 06:08:57.968 INFO  [c.a.config.SqlOnlyInterceptor] SQL Execute | mapper=com.ait.sy.sys.mapper.SendEmailMapper.getSynchronizationApprovalList | caller=com.ait.sy.sys.service.impl.SendEmailServiceImpl.synchronizationApprovalStatus(SendEmailServiceImpl.java:467) | command=SELECT | params=[] | sql=SELECT * FROM ( SELECT ATT.APPLY_NO, ATT.PERSON_ID, ATT.LEAVE_TYPE_NO APPLY_TYPE_NO, ATT.LEAVE_TYPE_CODE APPLY_TYPE_CODE, (CASE WHEN ( TO_DATE(TO_CHAR(ATT.LEAVE_FROM_TIME, 'HH24:MI'), 'HH24:MI') > TO_DATE(SUBSTR(SUBSTR(GET_AR_SHIFT_TIME(GET_AR_SHIFTNO(ATT.PERSON_ID, TO_CHAR(ATT.LEAVE_FROM_TIME, 'YYYY/MM/DD'), 'HAE'), TO_CHAR(ATT.LEAVE_FROM_TIME, 'YYYY/MM/DD'), 'HAE', 'FIRST'), 0, 16), 12, 16), 'HH24:MI') ) THEN '1' ELSE '0' END) TIME_FLAG, ATT.BATCH_YN, ATT.BATCH_NO, ATT.MISDOCID FROM ESS_LEAVE_APPLY_TB ATT WHERE ATT.AFFIRM_FLAG NOT IN ('14014308', '14014309', '14014310') AND ATT.CPNY_ID = 'HAE' AND ATT.ACTIVITY = 1 AND ATT.SEND_EMAIL_FLAG = 1 AND ATT.LEAVE_FROM_TIME >= TO_DATE(TO_CHAR(ADD_MONTHS(SYSDATE,-1),'YYYY/MM/DD'),'YYYY/MM/DD') AND ATT.MISDOCID IS NOT NULL UNION ALL SELECT OT.APPLY_NO, OT.PERSON_ID, OT.OT_TYPE_NO APPLY_TYPE_NO, OT.OT_TYPE_CODE APPLY_TYPE_CODE, '0' TIME_FLAG, OT.BATCH_YN, OT.BATCH_NO, OT.MISDOCID FROM ESS_APPLY_OT OT WHERE OT.AFFIRM_FLAG NOT IN ('14014308', '14014309', '14014310') AND OT.CPNY_ID = 'HAE' AND OT.ACTIVITY = 1 AND OT.SEND_EMAIL_FLAG = 1 AND OT.APPLY_OT_DATE >= TO_DATE(TO_CHAR(ADD_MONTHS(SYSDATE,-1),'YYYY/MM/DD'),'YYYY/MM/DD') AND OT.MISDOCID IS NOT NULL UNION ALL SELECT OTO.APPLY_NO, OTO.PERSON_ID, OTO.OT_TYPE_NO APPLY_TYPE_NO, OTO.OT_TYPE_CODE APPLY_TYPE_CODE, '0' TIME_FLAG, OTO.BATCH_YN, OTO.BATCH_NO, OTO.MISDOCID FROM ESS_APPLY_OT_OVER OTO WHERE OTO.AFFIRM_FLAG NOT IN ('14014308', '14014309', '14014310') AND OTO.CPNY_ID = 'HAE' AND OTO.ACTIVITY = 1 AND OTO.SEND_EMAIL_FLAG = 1 AND OTO.APPLY_OT_DATE >= TO_DATE(TO_CHAR(ADD_MONTHS(SYSDATE,-1),'YYYY/MM/DD'),'YYYY/MM/DD') AND OTO.MISDOCID IS NOT NULL UNION ALL SELECT CARD.APPLY_NO, CARD.PERSON_ID, '218197' APPLY_TYPE_NO, CARD.ITEM_NO APPLY_TYPE_CODE, '0' TIME_FLAG, 0 BATCH_YN, 0 BATCH_NO, CARD.MISDOCID FROM ESS_CARD_APPLY_TB CARD WHERE CARD.AFFIRM_FLAG NOT IN ('14014308', '14014309', '14014310') AND CARD.CPNY_ID = 'HAE' AND CARD.ACTIVITY = '1' AND CARD.SEND_EMAIL_FLAG = 1 AND CARD.CREATE_DATE >= TO_DATE(TO_CHAR(ADD_MONTHS(SYSDATE,-1),'YYYY/MM/DD'),'YYYY/MM/DD') AND CARD.MISDOCID IS NOT NULL ) A ORDER BY A.APPLY_NO
2026-08-26 06:08:57.998 INFO  [c.a.config.SqlOnlyInterceptor] SQL Result  | mapper=com.ait.sy.sys.mapper.SendEmailMapper.getSynchronizationApprovalList | caller=com.ait.sy.sys.service.impl.SendEmailServiceImpl.synchronizationApprovalStatus(SendEmailServiceImpl.java:467) | rowsReturned=0 | took=31 ms
2026-08-26 06:08:58.000 INFO  [c.a.s.s.s.SendEmailScheduler] [SyncApprovalStatus] Hoàn tất đồng bộ trạng thái phê duyệt.
2026-08-26 06:09:10.918 WARN  [o.a.c.l.WebappClassLoaderBase] The web application [ROOT] appears to have started a thread named [HrAppPool housekeeper] but has failed to stop it. This is very likely to create a memory leak. Stack trace of thread:
 java.base@11.0.30/jdk.internal.misc.Unsafe.park(Native Method)
 java.base@11.0.30/java.util.concurrent.locks.LockSupport.parkNanos(LockSupport.java:234)
 java.base@11.0.30/java.util.concurrent.locks.AbstractQueuedSynchronizer$ConditionObject.awaitNanos(AbstractQueuedSynchronizer.java:2123)
 java.base@11.0.30/java.util.concurrent.ScheduledThreadPoolExecutor$DelayedWorkQueue.take(ScheduledThreadPoolExecutor.java:1182)
 java.base@11.0.30/java.util.concurrent.ScheduledThreadPoolExecutor$DelayedWorkQueue.take(ScheduledThreadPoolExecutor.java:899)
 java.base@11.0.30/java.util.concurrent.ThreadPoolExecutor.getTask(ThreadPoolExecutor.java:1054)
 java.base@11.0.30/java.util.concurrent.ThreadPoolExecutor.runWorker(ThreadPoolExecutor.java:1114)
 java.base@11.0.30/java.util.concurrent.ThreadPoolExecutor$Worker.run(ThreadPoolExecutor.java:628)
 java.base@11.0.30/java.lang.Thread.run(Thread.java:834)
2026-08-26 06:09:13.567 WARN  [o.s.b.a.s.s.UserDetailsServiceAutoConfiguration] 

Using generated security password: 1c6b0abd-d9da-42ce-90cd-dbf4f5dc88c3

This generated password is for development use only. Your security configuration must be updated before running your application in production.

2026-08-26 06:09:13.900 INFO  [c.a.s.s.s.SendEmailScheduler] [SyncApprovalStatus] Bắt đầu đồng bộ trạng thái phê duyệt.
2026-08-26 06:09:13.921 INFO  [c.a.config.SqlOnlyInterceptor] SQL Execute | mapper=com.ait.sy.sys.mapper.SendEmailMapper.getSynchronizationApprovalList | caller=com.ait.sy.sys.service.impl.SendEmailServiceImpl.synchronizationApprovalStatus(SendEmailServiceImpl.java:467) | command=SELECT | params=[] | sql=SELECT * FROM ( SELECT ATT.APPLY_NO, ATT.PERSON_ID, ATT.LEAVE_TYPE_NO APPLY_TYPE_NO, ATT.LEAVE_TYPE_CODE APPLY_TYPE_CODE, (CASE WHEN ( TO_DATE(TO_CHAR(ATT.LEAVE_FROM_TIME, 'HH24:MI'), 'HH24:MI') > TO_DATE(SUBSTR(SUBSTR(GET_AR_SHIFT_TIME(GET_AR_SHIFTNO(ATT.PERSON_ID, TO_CHAR(ATT.LEAVE_FROM_TIME, 'YYYY/MM/DD'), 'HAE'), TO_CHAR(ATT.LEAVE_FROM_TIME, 'YYYY/MM/DD'), 'HAE', 'FIRST'), 0, 16), 12, 16), 'HH24:MI') ) THEN '1' ELSE '0' END) TIME_FLAG, ATT.BATCH_YN, ATT.BATCH_NO, ATT.MISDOCID FROM ESS_LEAVE_APPLY_TB ATT WHERE ATT.AFFIRM_FLAG NOT IN ('14014308', '14014309', '14014310') AND ATT.CPNY_ID = 'HAE' AND ATT.ACTIVITY = 1 AND ATT.SEND_EMAIL_FLAG = 1 AND ATT.LEAVE_FROM_TIME >= TO_DATE(TO_CHAR(ADD_MONTHS(SYSDATE,-1),'YYYY/MM/DD'),'YYYY/MM/DD') AND ATT.MISDOCID IS NOT NULL UNION ALL SELECT OT.APPLY_NO, OT.PERSON_ID, OT.OT_TYPE_NO APPLY_TYPE_NO, OT.OT_TYPE_CODE APPLY_TYPE_CODE, '0' TIME_FLAG, OT.BATCH_YN, OT.BATCH_NO, OT.MISDOCID FROM ESS_APPLY_OT OT WHERE OT.AFFIRM_FLAG NOT IN ('14014308', '14014309', '14014310') AND OT.CPNY_ID = 'HAE' AND OT.ACTIVITY = 1 AND OT.SEND_EMAIL_FLAG = 1 AND OT.APPLY_OT_DATE >= TO_DATE(TO_CHAR(ADD_MONTHS(SYSDATE,-1),'YYYY/MM/DD'),'YYYY/MM/DD') AND OT.MISDOCID IS NOT NULL UNION ALL SELECT OTO.APPLY_NO, OTO.PERSON_ID, OTO.OT_TYPE_NO APPLY_TYPE_NO, OTO.OT_TYPE_CODE APPLY_TYPE_CODE, '0' TIME_FLAG, OTO.BATCH_YN, OTO.BATCH_NO, OTO.MISDOCID FROM ESS_APPLY_OT_OVER OTO WHERE OTO.AFFIRM_FLAG NOT IN ('14014308', '14014309', '14014310') AND OTO.CPNY_ID = 'HAE' AND OTO.ACTIVITY = 1 AND OTO.SEND_EMAIL_FLAG = 1 AND OTO.APPLY_OT_DATE >= TO_DATE(TO_CHAR(ADD_MONTHS(SYSDATE,-1),'YYYY/MM/DD'),'YYYY/MM/DD') AND OTO.MISDOCID IS NOT NULL UNION ALL SELECT CARD.APPLY_NO, CARD.PERSON_ID, '218197' APPLY_TYPE_NO, CARD.ITEM_NO APPLY_TYPE_CODE, '0' TIME_FLAG, 0 BATCH_YN, 0 BATCH_NO, CARD.MISDOCID FROM ESS_CARD_APPLY_TB CARD WHERE CARD.AFFIRM_FLAG NOT IN ('14014308', '14014309', '14014310') AND CARD.CPNY_ID = 'HAE' AND CARD.ACTIVITY = '1' AND CARD.SEND_EMAIL_FLAG = 1 AND CARD.CREATE_DATE >= TO_DATE(TO_CHAR(ADD_MONTHS(SYSDATE,-1),'YYYY/MM/DD'),'YYYY/MM/DD') AND CARD.MISDOCID IS NOT NULL ) A ORDER BY A.APPLY_NO
2026-08-26 06:09:13.951 INFO  [c.a.config.SqlOnlyInterceptor] SQL Result  | mapper=com.ait.sy.sys.mapper.SendEmailMapper.getSynchronizationApprovalList | caller=com.ait.sy.sys.service.impl.SendEmailServiceImpl.synchronizationApprovalStatus(SendEmailServiceImpl.java:467) | rowsReturned=0 | took=31 ms
2026-08-26 06:09:13.952 INFO  [c.a.s.s.s.SendEmailScheduler] [SyncApprovalStatus] Hoàn tất đồng bộ trạng thái phê duyệt.
2026-08-26 06:09:21.387 WARN  [o.a.c.l.WebappClassLoaderBase] The web application [ROOT] appears to have started a thread named [HrAppPool housekeeper] but has failed to stop it. This is very likely to create a memory leak. Stack trace of thread:
 java.base@11.0.30/jdk.internal.misc.Unsafe.park(Native Method)
 java.base@11.0.30/java.util.concurrent.locks.LockSupport.parkNanos(LockSupport.java:234)
 java.base@11.0.30/java.util.concurrent.locks.AbstractQueuedSynchronizer$ConditionObject.awaitNanos(AbstractQueuedSynchronizer.java:2123)
 java.base@11.0.30/java.util.concurrent.ScheduledThreadPoolExecutor$DelayedWorkQueue.take(ScheduledThreadPoolExecutor.java:1182)
 java.base@11.0.30/java.util.concurrent.ScheduledThreadPoolExecutor$DelayedWorkQueue.take(ScheduledThreadPoolExecutor.java:899)
 java.base@11.0.30/java.util.concurrent.ThreadPoolExecutor.getTask(ThreadPoolExecutor.java:1054)
 java.base@11.0.30/java.util.concurrent.ThreadPoolExecutor.runWorker(ThreadPoolExecutor.java:1114)
 java.base@11.0.30/java.util.concurrent.ThreadPoolExecutor$Worker.run(ThreadPoolExecutor.java:628)
 java.base@11.0.30/java.lang.Thread.run(Thread.java:834)
2026-08-26 06:09:24.041 WARN  [o.s.b.a.s.s.UserDetailsServiceAutoConfiguration] 

Using generated security password: d22c2bc9-1786-4d1d-ba7e-f81c4b2271a6

This generated password is for development use only. Your security configuration must be updated before running your application in production.

2026-08-26 06:09:24.339 INFO  [c.a.s.s.s.SendEmailScheduler] [SyncApprovalStatus] Bắt đầu đồng bộ trạng thái phê duyệt.
2026-08-26 06:09:24.356 INFO  [c.a.config.SqlOnlyInterceptor] SQL Execute | mapper=com.ait.sy.sys.mapper.SendEmailMapper.getSynchronizationApprovalList | caller=com.ait.sy.sys.service.impl.SendEmailServiceImpl.synchronizationApprovalStatus(SendEmailServiceImpl.java:467) | command=SELECT | params=[] | sql=SELECT * FROM ( SELECT ATT.APPLY_NO, ATT.PERSON_ID, ATT.LEAVE_TYPE_NO APPLY_TYPE_NO, ATT.LEAVE_TYPE_CODE APPLY_TYPE_CODE, (CASE WHEN ( TO_DATE(TO_CHAR(ATT.LEAVE_FROM_TIME, 'HH24:MI'), 'HH24:MI') > TO_DATE(SUBSTR(SUBSTR(GET_AR_SHIFT_TIME(GET_AR_SHIFTNO(ATT.PERSON_ID, TO_CHAR(ATT.LEAVE_FROM_TIME, 'YYYY/MM/DD'), 'HAE'), TO_CHAR(ATT.LEAVE_FROM_TIME, 'YYYY/MM/DD'), 'HAE', 'FIRST'), 0, 16), 12, 16), 'HH24:MI') ) THEN '1' ELSE '0' END) TIME_FLAG, ATT.BATCH_YN, ATT.BATCH_NO, ATT.MISDOCID FROM ESS_LEAVE_APPLY_TB ATT WHERE ATT.AFFIRM_FLAG NOT IN ('14014308', '14014309', '14014310') AND ATT.CPNY_ID = 'HAE' AND ATT.ACTIVITY = 1 AND ATT.SEND_EMAIL_FLAG = 1 AND ATT.LEAVE_FROM_TIME >= TO_DATE(TO_CHAR(ADD_MONTHS(SYSDATE,-1),'YYYY/MM/DD'),'YYYY/MM/DD') AND ATT.MISDOCID IS NOT NULL UNION ALL SELECT OT.APPLY_NO, OT.PERSON_ID, OT.OT_TYPE_NO APPLY_TYPE_NO, OT.OT_TYPE_CODE APPLY_TYPE_CODE, '0' TIME_FLAG, OT.BATCH_YN, OT.BATCH_NO, OT.MISDOCID FROM ESS_APPLY_OT OT WHERE OT.AFFIRM_FLAG NOT IN ('14014308', '14014309', '14014310') AND OT.CPNY_ID = 'HAE' AND OT.ACTIVITY = 1 AND OT.SEND_EMAIL_FLAG = 1 AND OT.APPLY_OT_DATE >= TO_DATE(TO_CHAR(ADD_MONTHS(SYSDATE,-1),'YYYY/MM/DD'),'YYYY/MM/DD') AND OT.MISDOCID IS NOT NULL UNION ALL SELECT OTO.APPLY_NO, OTO.PERSON_ID, OTO.OT_TYPE_NO APPLY_TYPE_NO, OTO.OT_TYPE_CODE APPLY_TYPE_CODE, '0' TIME_FLAG, OTO.BATCH_YN, OTO.BATCH_NO, OTO.MISDOCID FROM ESS_APPLY_OT_OVER OTO WHERE OTO.AFFIRM_FLAG NOT IN ('14014308', '14014309', '14014310') AND OTO.CPNY_ID = 'HAE' AND OTO.ACTIVITY = 1 AND OTO.SEND_EMAIL_FLAG = 1 AND OTO.APPLY_OT_DATE >= TO_DATE(TO_CHAR(ADD_MONTHS(SYSDATE,-1),'YYYY/MM/DD'),'YYYY/MM/DD') AND OTO.MISDOCID IS NOT NULL UNION ALL SELECT CARD.APPLY_NO, CARD.PERSON_ID, '218197' APPLY_TYPE_NO, CARD.ITEM_NO APPLY_TYPE_CODE, '0' TIME_FLAG, 0 BATCH_YN, 0 BATCH_NO, CARD.MISDOCID FROM ESS_CARD_APPLY_TB CARD WHERE CARD.AFFIRM_FLAG NOT IN ('14014308', '14014309', '14014310') AND CARD.CPNY_ID = 'HAE' AND CARD.ACTIVITY = '1' AND CARD.SEND_EMAIL_FLAG = 1 AND CARD.CREATE_DATE >= TO_DATE(TO_CHAR(ADD_MONTHS(SYSDATE,-1),'YYYY/MM/DD'),'YYYY/MM/DD') AND CARD.MISDOCID IS NOT NULL ) A ORDER BY A.APPLY_NO
2026-08-26 06:09:24.429 INFO  [c.a.config.SqlOnlyInterceptor] SQL Result  | mapper=com.ait.sy.sys.mapper.SendEmailMapper.getSynchronizationApprovalList | caller=com.ait.sy.sys.service.impl.SendEmailServiceImpl.synchronizationApprovalStatus(SendEmailServiceImpl.java:467) | rowsReturned=0 | took=72 ms
2026-08-26 06:09:24.430 INFO  [c.a.s.s.s.SendEmailScheduler] [SyncApprovalStatus] Hoàn tất đồng bộ trạng thái phê duyệt.
2026-08-26 06:09:25.362 INFO  [c.a.s.s.c.AuthController] [CSRF-DEBUG] GET /login sessionId=ED3FBFA93333F9B45EE1B6AA5E6FEEC5 isNew=false csrfToken=Grbr0BSv...(len=43)
2026-08-26 06:09:28.451 WARN  [o.a.c.l.WebappClassLoaderBase] The web application [ROOT] appears to have started a thread named [HrAppPool housekeeper] but has failed to stop it. This is very likely to create a memory leak. Stack trace of thread:
 java.base@11.0.30/jdk.internal.misc.Unsafe.park(Native Method)
 java.base@11.0.30/java.util.concurrent.locks.LockSupport.parkNanos(LockSupport.java:234)
 java.base@11.0.30/java.util.concurrent.locks.AbstractQueuedSynchronizer$ConditionObject.awaitNanos(AbstractQueuedSynchronizer.java:2123)
 java.base@11.0.30/java.util.concurrent.ScheduledThreadPoolExecutor$DelayedWorkQueue.take(ScheduledThreadPoolExecutor.java:1182)
 java.base@11.0.30/java.util.concurrent.ScheduledThreadPoolExecutor$DelayedWorkQueue.take(ScheduledThreadPoolExecutor.java:899)
 java.base@11.0.30/java.util.concurrent.ThreadPoolExecutor.getTask(ThreadPoolExecutor.java:1054)
 java.base@11.0.30/java.util.concurrent.ThreadPoolExecutor.runWorker(ThreadPoolExecutor.java:1114)
 java.base@11.0.30/java.util.concurrent.ThreadPoolExecutor$Worker.run(ThreadPoolExecutor.java:628)
 java.base@11.0.30/java.lang.Thread.run(Thread.java:834)
2026-08-26 06:09:31.295 WARN  [o.s.b.a.s.s.UserDetailsServiceAutoConfiguration] 

Using generated security password: 35385ee0-ec1a-476a-a1c5-cb98ebbc9bcc

This generated password is for development use only. Your security configuration must be updated before running your application in production.

2026-08-26 06:09:31.635 INFO  [c.a.s.s.s.SendEmailScheduler] [SyncApprovalStatus] Bắt đầu đồng bộ trạng thái phê duyệt.
2026-08-26 06:09:31.653 INFO  [c.a.config.SqlOnlyInterceptor] SQL Execute | mapper=com.ait.sy.sys.mapper.SendEmailMapper.getSynchronizationApprovalList | caller=com.ait.sy.sys.service.impl.SendEmailServiceImpl.synchronizationApprovalStatus(SendEmailServiceImpl.java:467) | command=SELECT | params=[] | sql=SELECT * FROM ( SELECT ATT.APPLY_NO, ATT.PERSON_ID, ATT.LEAVE_TYPE_NO APPLY_TYPE_NO, ATT.LEAVE_TYPE_CODE APPLY_TYPE_CODE, (CASE WHEN ( TO_DATE(TO_CHAR(ATT.LEAVE_FROM_TIME, 'HH24:MI'), 'HH24:MI') > TO_DATE(SUBSTR(SUBSTR(GET_AR_SHIFT_TIME(GET_AR_SHIFTNO(ATT.PERSON_ID, TO_CHAR(ATT.LEAVE_FROM_TIME, 'YYYY/MM/DD'), 'HAE'), TO_CHAR(ATT.LEAVE_FROM_TIME, 'YYYY/MM/DD'), 'HAE', 'FIRST'), 0, 16), 12, 16), 'HH24:MI') ) THEN '1' ELSE '0' END) TIME_FLAG, ATT.BATCH_YN, ATT.BATCH_NO, ATT.MISDOCID FROM ESS_LEAVE_APPLY_TB ATT WHERE ATT.AFFIRM_FLAG NOT IN ('14014308', '14014309', '14014310') AND ATT.CPNY_ID = 'HAE' AND ATT.ACTIVITY = 1 AND ATT.SEND_EMAIL_FLAG = 1 AND ATT.LEAVE_FROM_TIME >= TO_DATE(TO_CHAR(ADD_MONTHS(SYSDATE,-1),'YYYY/MM/DD'),'YYYY/MM/DD') AND ATT.MISDOCID IS NOT NULL UNION ALL SELECT OT.APPLY_NO, OT.PERSON_ID, OT.OT_TYPE_NO APPLY_TYPE_NO, OT.OT_TYPE_CODE APPLY_TYPE_CODE, '0' TIME_FLAG, OT.BATCH_YN, OT.BATCH_NO, OT.MISDOCID FROM ESS_APPLY_OT OT WHERE OT.AFFIRM_FLAG NOT IN ('14014308', '14014309', '14014310') AND OT.CPNY_ID = 'HAE' AND OT.ACTIVITY = 1 AND OT.SEND_EMAIL_FLAG = 1 AND OT.APPLY_OT_DATE >= TO_DATE(TO_CHAR(ADD_MONTHS(SYSDATE,-1),'YYYY/MM/DD'),'YYYY/MM/DD') AND OT.MISDOCID IS NOT NULL UNION ALL SELECT OTO.APPLY_NO, OTO.PERSON_ID, OTO.OT_TYPE_NO APPLY_TYPE_NO, OTO.OT_TYPE_CODE APPLY_TYPE_CODE, '0' TIME_FLAG, OTO.BATCH_YN, OTO.BATCH_NO, OTO.MISDOCID FROM ESS_APPLY_OT_OVER OTO WHERE OTO.AFFIRM_FLAG NOT IN ('14014308', '14014309', '14014310') AND OTO.CPNY_ID = 'HAE' AND OTO.ACTIVITY = 1 AND OTO.SEND_EMAIL_FLAG = 1 AND OTO.APPLY_OT_DATE >= TO_DATE(TO_CHAR(ADD_MONTHS(SYSDATE,-1),'YYYY/MM/DD'),'YYYY/MM/DD') AND OTO.MISDOCID IS NOT NULL UNION ALL SELECT CARD.APPLY_NO, CARD.PERSON_ID, '218197' APPLY_TYPE_NO, CARD.ITEM_NO APPLY_TYPE_CODE, '0' TIME_FLAG, 0 BATCH_YN, 0 BATCH_NO, CARD.MISDOCID FROM ESS_CARD_APPLY_TB CARD WHERE CARD.AFFIRM_FLAG NOT IN ('14014308', '14014309', '14014310') AND CARD.CPNY_ID = 'HAE' AND CARD.ACTIVITY = '1' AND CARD.SEND_EMAIL_FLAG = 1 AND CARD.CREATE_DATE >= TO_DATE(TO_CHAR(ADD_MONTHS(SYSDATE,-1),'YYYY/MM/DD'),'YYYY/MM/DD') AND CARD.MISDOCID IS NOT NULL ) A ORDER BY A.APPLY_NO
2026-08-26 06:09:31.684 INFO  [c.a.config.SqlOnlyInterceptor] SQL Result  | mapper=com.ait.sy.sys.mapper.SendEmailMapper.getSynchronizationApprovalList | caller=com.ait.sy.sys.service.impl.SendEmailServiceImpl.synchronizationApprovalStatus(SendEmailServiceImpl.java:467) | rowsReturned=0 | took=31 ms
2026-08-26 06:09:31.686 INFO  [c.a.s.s.s.SendEmailScheduler] [SyncApprovalStatus] Hoàn tất đồng bộ trạng thái phê duyệt.
2026-08-26 06:09:33.416 WARN  [o.a.c.l.WebappClassLoaderBase] The web application [ROOT] appears to have started a thread named [HrAppPool housekeeper] but has failed to stop it. This is very likely to create a memory leak. Stack trace of thread:
 java.base@11.0.30/jdk.internal.misc.Unsafe.park(Native Method)
 java.base@11.0.30/java.util.concurrent.locks.LockSupport.parkNanos(LockSupport.java:234)
 java.base@11.0.30/java.util.concurrent.locks.AbstractQueuedSynchronizer$ConditionObject.awaitNanos(AbstractQueuedSynchronizer.java:2123)
 java.base@11.0.30/java.util.concurrent.ScheduledThreadPoolExecutor$DelayedWorkQueue.take(ScheduledThreadPoolExecutor.java:1182)
 java.base@11.0.30/java.util.concurrent.ScheduledThreadPoolExecutor$DelayedWorkQueue.take(ScheduledThreadPoolExecutor.java:899)
 java.base@11.0.30/java.util.concurrent.ThreadPoolExecutor.getTask(ThreadPoolExecutor.java:1054)
 java.base@11.0.30/java.util.concurrent.ThreadPoolExecutor.runWorker(ThreadPoolExecutor.java:1114)
 java.base@11.0.30/java.util.concurrent.ThreadPoolExecutor$Worker.run(ThreadPoolExecutor.java:628)
 java.base@11.0.30/java.lang.Thread.run(Thread.java:834)
2026-08-26 06:09:33.416 WARN  [o.a.c.l.WebappClassLoaderBase] The web application [ROOT] appears to have started a thread named [HrAppPool connection adder] but has failed to stop it. This is very likely to create a memory leak. Stack trace of thread:
 java.base@11.0.30/jdk.internal.misc.Unsafe.park(Native Method)
 java.base@11.0.30/java.util.concurrent.locks.LockSupport.parkNanos(LockSupport.java:234)
 java.base@11.0.30/java.util.concurrent.locks.AbstractQueuedSynchronizer$ConditionObject.awaitNanos(AbstractQueuedSynchronizer.java:2123)
 java.base@11.0.30/java.util.concurrent.LinkedBlockingQueue.poll(LinkedBlockingQueue.java:458)
 java.base@11.0.30/java.util.concurrent.ThreadPoolExecutor.getTask(ThreadPoolExecutor.java:1053)
 java.base@11.0.30/java.util.concurrent.ThreadPoolExecutor.runWorker(ThreadPoolExecutor.java:1114)
 java.base@11.0.30/java.util.concurrent.ThreadPoolExecutor$Worker.run(ThreadPoolExecutor.java:628)
 java.base@11.0.30/java.lang.Thread.run(Thread.java:834)
2026-08-26 06:09:36.355 WARN  [o.s.b.a.s.s.UserDetailsServiceAutoConfiguration] 

Using generated security password: 93517201-7704-4b16-a2a0-5f62089f67a7

This generated password is for development use only. Your security configuration must be updated before running your application in production.

2026-08-26 06:09:36.699 INFO  [c.a.s.s.s.SendEmailScheduler] [SyncApprovalStatus] Bắt đầu đồng bộ trạng thái phê duyệt.
2026-08-26 06:09:36.716 INFO  [c.a.config.SqlOnlyInterceptor] SQL Execute | mapper=com.ait.sy.sys.mapper.SendEmailMapper.getSynchronizationApprovalList | caller=com.ait.sy.sys.service.impl.SendEmailServiceImpl.synchronizationApprovalStatus(SendEmailServiceImpl.java:467) | command=SELECT | params=[] | sql=SELECT * FROM ( SELECT ATT.APPLY_NO, ATT.PERSON_ID, ATT.LEAVE_TYPE_NO APPLY_TYPE_NO, ATT.LEAVE_TYPE_CODE APPLY_TYPE_CODE, (CASE WHEN ( TO_DATE(TO_CHAR(ATT.LEAVE_FROM_TIME, 'HH24:MI'), 'HH24:MI') > TO_DATE(SUBSTR(SUBSTR(GET_AR_SHIFT_TIME(GET_AR_SHIFTNO(ATT.PERSON_ID, TO_CHAR(ATT.LEAVE_FROM_TIME, 'YYYY/MM/DD'), 'HAE'), TO_CHAR(ATT.LEAVE_FROM_TIME, 'YYYY/MM/DD'), 'HAE', 'FIRST'), 0, 16), 12, 16), 'HH24:MI') ) THEN '1' ELSE '0' END) TIME_FLAG, ATT.BATCH_YN, ATT.BATCH_NO, ATT.MISDOCID FROM ESS_LEAVE_APPLY_TB ATT WHERE ATT.AFFIRM_FLAG NOT IN ('14014308', '14014309', '14014310') AND ATT.CPNY_ID = 'HAE' AND ATT.ACTIVITY = 1 AND ATT.SEND_EMAIL_FLAG = 1 AND ATT.LEAVE_FROM_TIME >= TO_DATE(TO_CHAR(ADD_MONTHS(SYSDATE,-1),'YYYY/MM/DD'),'YYYY/MM/DD') AND ATT.MISDOCID IS NOT NULL UNION ALL SELECT OT.APPLY_NO, OT.PERSON_ID, OT.OT_TYPE_NO APPLY_TYPE_NO, OT.OT_TYPE_CODE APPLY_TYPE_CODE, '0' TIME_FLAG, OT.BATCH_YN, OT.BATCH_NO, OT.MISDOCID FROM ESS_APPLY_OT OT WHERE OT.AFFIRM_FLAG NOT IN ('14014308', '14014309', '14014310') AND OT.CPNY_ID = 'HAE' AND OT.ACTIVITY = 1 AND OT.SEND_EMAIL_FLAG = 1 AND OT.APPLY_OT_DATE >= TO_DATE(TO_CHAR(ADD_MONTHS(SYSDATE,-1),'YYYY/MM/DD'),'YYYY/MM/DD') AND OT.MISDOCID IS NOT NULL UNION ALL SELECT OTO.APPLY_NO, OTO.PERSON_ID, OTO.OT_TYPE_NO APPLY_TYPE_NO, OTO.OT_TYPE_CODE APPLY_TYPE_CODE, '0' TIME_FLAG, OTO.BATCH_YN, OTO.BATCH_NO, OTO.MISDOCID FROM ESS_APPLY_OT_OVER OTO WHERE OTO.AFFIRM_FLAG NOT IN ('14014308', '14014309', '14014310') AND OTO.CPNY_ID = 'HAE' AND OTO.ACTIVITY = 1 AND OTO.SEND_EMAIL_FLAG = 1 AND OTO.APPLY_OT_DATE >= TO_DATE(TO_CHAR(ADD_MONTHS(SYSDATE,-1),'YYYY/MM/DD'),'YYYY/MM/DD') AND OTO.MISDOCID IS NOT NULL UNION ALL SELECT CARD.APPLY_NO, CARD.PERSON_ID, '218197' APPLY_TYPE_NO, CARD.ITEM_NO APPLY_TYPE_CODE, '0' TIME_FLAG, 0 BATCH_YN, 0 BATCH_NO, CARD.MISDOCID FROM ESS_CARD_APPLY_TB CARD WHERE CARD.AFFIRM_FLAG NOT IN ('14014308', '14014309', '14014310') AND CARD.CPNY_ID = 'HAE' AND CARD.ACTIVITY = '1' AND CARD.SEND_EMAIL_FLAG = 1 AND CARD.CREATE_DATE >= TO_DATE(TO_CHAR(ADD_MONTHS(SYSDATE,-1),'YYYY/MM/DD'),'YYYY/MM/DD') AND CARD.MISDOCID IS NOT NULL ) A ORDER BY A.APPLY_NO
2026-08-26 06:09:36.751 INFO  [c.a.config.SqlOnlyInterceptor] SQL Result  | mapper=com.ait.sy.sys.mapper.SendEmailMapper.getSynchronizationApprovalList | caller=com.ait.sy.sys.service.impl.SendEmailServiceImpl.synchronizationApprovalStatus(SendEmailServiceImpl.java:467) | rowsReturned=0 | took=35 ms
2026-08-26 06:09:36.754 INFO  [c.a.s.s.s.SendEmailScheduler] [SyncApprovalStatus] Hoàn tất đồng bộ trạng thái phê duyệt.
2026-08-26 06:09:38.563 WARN  [o.a.c.l.WebappClassLoaderBase] The web application [ROOT] appears to have started a thread named [HrAppPool housekeeper] but has failed to stop it. This is very likely to create a memory leak. Stack trace of thread:
 java.base@11.0.30/jdk.internal.misc.Unsafe.park(Native Method)
 java.base@11.0.30/java.util.concurrent.locks.LockSupport.parkNanos(LockSupport.java:234)
 java.base@11.0.30/java.util.concurrent.locks.AbstractQueuedSynchronizer$ConditionObject.awaitNanos(AbstractQueuedSynchronizer.java:2123)
 java.base@11.0.30/java.util.concurrent.ScheduledThreadPoolExecutor$DelayedWorkQueue.take(ScheduledThreadPoolExecutor.java:1182)
 java.base@11.0.30/java.util.concurrent.ScheduledThreadPoolExecutor$DelayedWorkQueue.take(ScheduledThreadPoolExecutor.java:899)
 java.base@11.0.30/java.util.concurrent.ThreadPoolExecutor.getTask(ThreadPoolExecutor.java:1054)
 java.base@11.0.30/java.util.concurrent.ThreadPoolExecutor.runWorker(ThreadPoolExecutor.java:1114)
 java.base@11.0.30/java.util.concurrent.ThreadPoolExecutor$Worker.run(ThreadPoolExecutor.java:628)
 java.base@11.0.30/java.lang.Thread.run(Thread.java:834)
2026-08-26 06:09:38.565 WARN  [o.a.c.l.WebappClassLoaderBase] The web application [ROOT] appears to have started a thread named [HrAppPool connection adder] but has failed to stop it. This is very likely to create a memory leak. Stack trace of thread:
 java.base@11.0.30/jdk.internal.misc.Unsafe.park(Native Method)
 java.base@11.0.30/java.util.concurrent.locks.LockSupport.parkNanos(LockSupport.java:234)
 java.base@11.0.30/java.util.concurrent.locks.AbstractQueuedSynchronizer$ConditionObject.awaitNanos(AbstractQueuedSynchronizer.java:2123)
 java.base@11.0.30/java.util.concurrent.LinkedBlockingQueue.poll(LinkedBlockingQueue.java:458)
 java.base@11.0.30/java.util.concurrent.ThreadPoolExecutor.getTask(ThreadPoolExecutor.java:1053)
 java.base@11.0.30/java.util.concurrent.ThreadPoolExecutor.runWorker(ThreadPoolExecutor.java:1114)
 java.base@11.0.30/java.util.concurrent.ThreadPoolExecutor$Worker.run(ThreadPoolExecutor.java:628)
 java.base@11.0.30/java.lang.Thread.run(Thread.java:834)
2026-08-26 06:09:41.263 WARN  [o.s.b.a.s.s.UserDetailsServiceAutoConfiguration] 

Using generated security password: 21e6ce29-8742-455c-95a9-7ef86b714feb

This generated password is for development use only. Your security configuration must be updated before running your application in production.

2026-08-26 06:09:41.575 INFO  [c.a.s.s.s.SendEmailScheduler] [SyncApprovalStatus] Bắt đầu đồng bộ trạng thái phê duyệt.
2026-08-26 06:09:41.594 INFO  [c.a.config.SqlOnlyInterceptor] SQL Execute | mapper=com.ait.sy.sys.mapper.SendEmailMapper.getSynchronizationApprovalList | caller=com.ait.sy.sys.service.impl.SendEmailServiceImpl.synchronizationApprovalStatus(SendEmailServiceImpl.java:467) | command=SELECT | params=[] | sql=SELECT * FROM ( SELECT ATT.APPLY_NO, ATT.PERSON_ID, ATT.LEAVE_TYPE_NO APPLY_TYPE_NO, ATT.LEAVE_TYPE_CODE APPLY_TYPE_CODE, (CASE WHEN ( TO_DATE(TO_CHAR(ATT.LEAVE_FROM_TIME, 'HH24:MI'), 'HH24:MI') > TO_DATE(SUBSTR(SUBSTR(GET_AR_SHIFT_TIME(GET_AR_SHIFTNO(ATT.PERSON_ID, TO_CHAR(ATT.LEAVE_FROM_TIME, 'YYYY/MM/DD'), 'HAE'), TO_CHAR(ATT.LEAVE_FROM_TIME, 'YYYY/MM/DD'), 'HAE', 'FIRST'), 0, 16), 12, 16), 'HH24:MI') ) THEN '1' ELSE '0' END) TIME_FLAG, ATT.BATCH_YN, ATT.BATCH_NO, ATT.MISDOCID FROM ESS_LEAVE_APPLY_TB ATT WHERE ATT.AFFIRM_FLAG NOT IN ('14014308', '14014309', '14014310') AND ATT.CPNY_ID = 'HAE' AND ATT.ACTIVITY = 1 AND ATT.SEND_EMAIL_FLAG = 1 AND ATT.LEAVE_FROM_TIME >= TO_DATE(TO_CHAR(ADD_MONTHS(SYSDATE,-1),'YYYY/MM/DD'),'YYYY/MM/DD') AND ATT.MISDOCID IS NOT NULL UNION ALL SELECT OT.APPLY_NO, OT.PERSON_ID, OT.OT_TYPE_NO APPLY_TYPE_NO, OT.OT_TYPE_CODE APPLY_TYPE_CODE, '0' TIME_FLAG, OT.BATCH_YN, OT.BATCH_NO, OT.MISDOCID FROM ESS_APPLY_OT OT WHERE OT.AFFIRM_FLAG NOT IN ('14014308', '14014309', '14014310') AND OT.CPNY_ID = 'HAE' AND OT.ACTIVITY = 1 AND OT.SEND_EMAIL_FLAG = 1 AND OT.APPLY_OT_DATE >= TO_DATE(TO_CHAR(ADD_MONTHS(SYSDATE,-1),'YYYY/MM/DD'),'YYYY/MM/DD') AND OT.MISDOCID IS NOT NULL UNION ALL SELECT OTO.APPLY_NO, OTO.PERSON_ID, OTO.OT_TYPE_NO APPLY_TYPE_NO, OTO.OT_TYPE_CODE APPLY_TYPE_CODE, '0' TIME_FLAG, OTO.BATCH_YN, OTO.BATCH_NO, OTO.MISDOCID FROM ESS_APPLY_OT_OVER OTO WHERE OTO.AFFIRM_FLAG NOT IN ('14014308', '14014309', '14014310') AND OTO.CPNY_ID = 'HAE' AND OTO.ACTIVITY = 1 AND OTO.SEND_EMAIL_FLAG = 1 AND OTO.APPLY_OT_DATE >= TO_DATE(TO_CHAR(ADD_MONTHS(SYSDATE,-1),'YYYY/MM/DD'),'YYYY/MM/DD') AND OTO.MISDOCID IS NOT NULL UNION ALL SELECT CARD.APPLY_NO, CARD.PERSON_ID, '218197' APPLY_TYPE_NO, CARD.ITEM_NO APPLY_TYPE_CODE, '0' TIME_FLAG, 0 BATCH_YN, 0 BATCH_NO, CARD.MISDOCID FROM ESS_CARD_APPLY_TB CARD WHERE CARD.AFFIRM_FLAG NOT IN ('14014308', '14014309', '14014310') AND CARD.CPNY_ID = 'HAE' AND CARD.ACTIVITY = '1' AND CARD.SEND_EMAIL_FLAG = 1 AND CARD.CREATE_DATE >= TO_DATE(TO_CHAR(ADD_MONTHS(SYSDATE,-1),'YYYY/MM/DD'),'YYYY/MM/DD') AND CARD.MISDOCID IS NOT NULL ) A ORDER BY A.APPLY_NO
2026-08-26 06:09:41.630 INFO  [c.a.config.SqlOnlyInterceptor] SQL Result  | mapper=com.ait.sy.sys.mapper.SendEmailMapper.getSynchronizationApprovalList | caller=com.ait.sy.sys.service.impl.SendEmailServiceImpl.synchronizationApprovalStatus(SendEmailServiceImpl.java:467) | rowsReturned=0 | took=36 ms
2026-08-26 06:09:41.631 INFO  [c.a.s.s.s.SendEmailScheduler] [SyncApprovalStatus] Hoàn tất đồng bộ trạng thái phê duyệt.
2026-08-26 06:12:25.332 INFO  [c.a.s.s.c.AuthController] [CSRF-DEBUG] GET /login sessionId=ED3FBFA93333F9B45EE1B6AA5E6FEEC5 isNew=false csrfToken=Grbr0BSv...(len=43)
2026-08-26 06:14:41.585 INFO  [c.a.s.s.s.SendEmailScheduler] [SyncApprovalStatus] Bắt đầu đồng bộ trạng thái phê duyệt.
2026-08-26 06:14:41.594 INFO  [c.a.config.SqlOnlyInterceptor] SQL Execute | mapper=com.ait.sy.sys.mapper.SendEmailMapper.getSynchronizationApprovalList | caller=com.ait.sy.sys.service.impl.SendEmailServiceImpl.synchronizationApprovalStatus(SendEmailServiceImpl.java:467) | command=SELECT | params=[] | sql=SELECT * FROM ( SELECT ATT.APPLY_NO, ATT.PERSON_ID, ATT.LEAVE_TYPE_NO APPLY_TYPE_NO, ATT.LEAVE_TYPE_CODE APPLY_TYPE_CODE, (CASE WHEN ( TO_DATE(TO_CHAR(ATT.LEAVE_FROM_TIME, 'HH24:MI'), 'HH24:MI') > TO_DATE(SUBSTR(SUBSTR(GET_AR_SHIFT_TIME(GET_AR_SHIFTNO(ATT.PERSON_ID, TO_CHAR(ATT.LEAVE_FROM_TIME, 'YYYY/MM/DD'), 'HAE'), TO_CHAR(ATT.LEAVE_FROM_TIME, 'YYYY/MM/DD'), 'HAE', 'FIRST'), 0, 16), 12, 16), 'HH24:MI') ) THEN '1' ELSE '0' END) TIME_FLAG, ATT.BATCH_YN, ATT.BATCH_NO, ATT.MISDOCID FROM ESS_LEAVE_APPLY_TB ATT WHERE ATT.AFFIRM_FLAG NOT IN ('14014308', '14014309', '14014310') AND ATT.CPNY_ID = 'HAE' AND ATT.ACTIVITY = 1 AND ATT.SEND_EMAIL_FLAG = 1 AND ATT.LEAVE_FROM_TIME >= TO_DATE(TO_CHAR(ADD_MONTHS(SYSDATE,-1),'YYYY/MM/DD'),'YYYY/MM/DD') AND ATT.MISDOCID IS NOT NULL UNION ALL SELECT OT.APPLY_NO, OT.PERSON_ID, OT.OT_TYPE_NO APPLY_TYPE_NO, OT.OT_TYPE_CODE APPLY_TYPE_CODE, '0' TIME_FLAG, OT.BATCH_YN, OT.BATCH_NO, OT.MISDOCID FROM ESS_APPLY_OT OT WHERE OT.AFFIRM_FLAG NOT IN ('14014308', '14014309', '14014310') AND OT.CPNY_ID = 'HAE' AND OT.ACTIVITY = 1 AND OT.SEND_EMAIL_FLAG = 1 AND OT.APPLY_OT_DATE >= TO_DATE(TO_CHAR(ADD_MONTHS(SYSDATE,-1),'YYYY/MM/DD'),'YYYY/MM/DD') AND OT.MISDOCID IS NOT NULL UNION ALL SELECT OTO.APPLY_NO, OTO.PERSON_ID, OTO.OT_TYPE_NO APPLY_TYPE_NO, OTO.OT_TYPE_CODE APPLY_TYPE_CODE, '0' TIME_FLAG, OTO.BATCH_YN, OTO.BATCH_NO, OTO.MISDOCID FROM ESS_APPLY_OT_OVER OTO WHERE OTO.AFFIRM_FLAG NOT IN ('14014308', '14014309', '14014310') AND OTO.CPNY_ID = 'HAE' AND OTO.ACTIVITY = 1 AND OTO.SEND_EMAIL_FLAG = 1 AND OTO.APPLY_OT_DATE >= TO_DATE(TO_CHAR(ADD_MONTHS(SYSDATE,-1),'YYYY/MM/DD'),'YYYY/MM/DD') AND OTO.MISDOCID IS NOT NULL UNION ALL SELECT CARD.APPLY_NO, CARD.PERSON_ID, '218197' APPLY_TYPE_NO, CARD.ITEM_NO APPLY_TYPE_CODE, '0' TIME_FLAG, 0 BATCH_YN, 0 BATCH_NO, CARD.MISDOCID FROM ESS_CARD_APPLY_TB CARD WHERE CARD.AFFIRM_FLAG NOT IN ('14014308', '14014309', '14014310') AND CARD.CPNY_ID = 'HAE' AND CARD.ACTIVITY = '1' AND CARD.SEND_EMAIL_FLAG = 1 AND CARD.CREATE_DATE >= TO_DATE(TO_CHAR(ADD_MONTHS(SYSDATE,-1),'YYYY/MM/DD'),'YYYY/MM/DD') AND CARD.MISDOCID IS NOT NULL ) A ORDER BY A.APPLY_NO
2026-08-26 06:14:41.626 INFO  [c.a.config.SqlOnlyInterceptor] SQL Result  | mapper=com.ait.sy.sys.mapper.SendEmailMapper.getSynchronizationApprovalList | caller=com.ait.sy.sys.service.impl.SendEmailServiceImpl.synchronizationApprovalStatus(SendEmailServiceImpl.java:467) | rowsReturned=0 | took=32 ms
2026-08-26 06:14:41.627 INFO  [c.a.s.s.s.SendEmailScheduler] [SyncApprovalStatus] Hoàn tất đồng bộ trạng thái phê duyệt.
2026-08-26 06:15:25.326 INFO  [c.a.s.s.c.AuthController] [CSRF-DEBUG] GET /login sessionId=ED3FBFA93333F9B45EE1B6AA5E6FEEC5 isNew=false csrfToken=Grbr0BSv...(len=43)
2026-08-26 06:15:43.454 WARN  [o.a.c.l.WebappClassLoaderBase] The web application [ROOT] appears to have started a thread named [HrAppPool housekeeper] but has failed to stop it. This is very likely to create a memory leak. Stack trace of thread:
 java.base@11.0.30/jdk.internal.misc.Unsafe.park(Native Method)
 java.base@11.0.30/java.util.concurrent.locks.LockSupport.parkNanos(LockSupport.java:234)
 java.base@11.0.30/java.util.concurrent.locks.AbstractQueuedSynchronizer$ConditionObject.awaitNanos(AbstractQueuedSynchronizer.java:2123)
 java.base@11.0.30/java.util.concurrent.ScheduledThreadPoolExecutor$DelayedWorkQueue.take(ScheduledThreadPoolExecutor.java:1182)
 java.base@11.0.30/java.util.concurrent.ScheduledThreadPoolExecutor$DelayedWorkQueue.take(ScheduledThreadPoolExecutor.java:899)
 java.base@11.0.30/java.util.concurrent.ThreadPoolExecutor.getTask(ThreadPoolExecutor.java:1054)
 java.base@11.0.30/java.util.concurrent.ThreadPoolExecutor.runWorker(ThreadPoolExecutor.java:1114)
 java.base@11.0.30/java.util.concurrent.ThreadPoolExecutor$Worker.run(ThreadPoolExecutor.java:628)
 java.base@11.0.30/java.lang.Thread.run(Thread.java:834)
2026-08-26 06:15:46.634 WARN  [o.s.b.a.s.s.UserDetailsServiceAutoConfiguration] 

Using generated security password: 614946eb-46f3-4b34-9819-c5a96cf6e164

This generated password is for development use only. Your security configuration must be updated before running your application in production.

2026-08-26 06:15:47.036 INFO  [c.a.s.s.s.SendEmailScheduler] [SyncApprovalStatus] Bắt đầu đồng bộ trạng thái phê duyệt.
2026-08-26 06:15:47.059 INFO  [c.a.config.SqlOnlyInterceptor] SQL Execute | mapper=com.ait.sy.sys.mapper.SendEmailMapper.getSynchronizationApprovalList | caller=com.ait.sy.sys.service.impl.SendEmailServiceImpl.synchronizationApprovalStatus(SendEmailServiceImpl.java:467) | command=SELECT | params=[] | sql=SELECT * FROM ( SELECT ATT.APPLY_NO, ATT.PERSON_ID, ATT.LEAVE_TYPE_NO APPLY_TYPE_NO, ATT.LEAVE_TYPE_CODE APPLY_TYPE_CODE, (CASE WHEN ( TO_DATE(TO_CHAR(ATT.LEAVE_FROM_TIME, 'HH24:MI'), 'HH24:MI') > TO_DATE(SUBSTR(SUBSTR(GET_AR_SHIFT_TIME(GET_AR_SHIFTNO(ATT.PERSON_ID, TO_CHAR(ATT.LEAVE_FROM_TIME, 'YYYY/MM/DD'), 'HAE'), TO_CHAR(ATT.LEAVE_FROM_TIME, 'YYYY/MM/DD'), 'HAE', 'FIRST'), 0, 16), 12, 16), 'HH24:MI') ) THEN '1' ELSE '0' END) TIME_FLAG, ATT.BATCH_YN, ATT.BATCH_NO, ATT.MISDOCID FROM ESS_LEAVE_APPLY_TB ATT WHERE ATT.AFFIRM_FLAG NOT IN ('14014308', '14014309', '14014310') AND ATT.CPNY_ID = 'HAE' AND ATT.ACTIVITY = 1 AND ATT.SEND_EMAIL_FLAG = 1 AND ATT.LEAVE_FROM_TIME >= TO_DATE(TO_CHAR(ADD_MONTHS(SYSDATE,-1),'YYYY/MM/DD'),'YYYY/MM/DD') AND ATT.MISDOCID IS NOT NULL UNION ALL SELECT OT.APPLY_NO, OT.PERSON_ID, OT.OT_TYPE_NO APPLY_TYPE_NO, OT.OT_TYPE_CODE APPLY_TYPE_CODE, '0' TIME_FLAG, OT.BATCH_YN, OT.BATCH_NO, OT.MISDOCID FROM ESS_APPLY_OT OT WHERE OT.AFFIRM_FLAG NOT IN ('14014308', '14014309', '14014310') AND OT.CPNY_ID = 'HAE' AND OT.ACTIVITY = 1 AND OT.SEND_EMAIL_FLAG = 1 AND OT.APPLY_OT_DATE >= TO_DATE(TO_CHAR(ADD_MONTHS(SYSDATE,-1),'YYYY/MM/DD'),'YYYY/MM/DD') AND OT.MISDOCID IS NOT NULL UNION ALL SELECT OTO.APPLY_NO, OTO.PERSON_ID, OTO.OT_TYPE_NO APPLY_TYPE_NO, OTO.OT_TYPE_CODE APPLY_TYPE_CODE, '0' TIME_FLAG, OTO.BATCH_YN, OTO.BATCH_NO, OTO.MISDOCID FROM ESS_APPLY_OT_OVER OTO WHERE OTO.AFFIRM_FLAG NOT IN ('14014308', '14014309', '14014310') AND OTO.CPNY_ID = 'HAE' AND OTO.ACTIVITY = 1 AND OTO.SEND_EMAIL_FLAG = 1 AND OTO.APPLY_OT_DATE >= TO_DATE(TO_CHAR(ADD_MONTHS(SYSDATE,-1),'YYYY/MM/DD'),'YYYY/MM/DD') AND OTO.MISDOCID IS NOT NULL UNION ALL SELECT CARD.APPLY_NO, CARD.PERSON_ID, '218197' APPLY_TYPE_NO, CARD.ITEM_NO APPLY_TYPE_CODE, '0' TIME_FLAG, 0 BATCH_YN, 0 BATCH_NO, CARD.MISDOCID FROM ESS_CARD_APPLY_TB CARD WHERE CARD.AFFIRM_FLAG NOT IN ('14014308', '14014309', '14014310') AND CARD.CPNY_ID = 'HAE' AND CARD.ACTIVITY = '1' AND CARD.SEND_EMAIL_FLAG = 1 AND CARD.CREATE_DATE >= TO_DATE(TO_CHAR(ADD_MONTHS(SYSDATE,-1),'YYYY/MM/DD'),'YYYY/MM/DD') AND CARD.MISDOCID IS NOT NULL ) A ORDER BY A.APPLY_NO
2026-08-26 06:15:47.090 INFO  [c.a.config.SqlOnlyInterceptor] SQL Result  | mapper=com.ait.sy.sys.mapper.SendEmailMapper.getSynchronizationApprovalList | caller=com.ait.sy.sys.service.impl.SendEmailServiceImpl.synchronizationApprovalStatus(SendEmailServiceImpl.java:467) | rowsReturned=0 | took=31 ms
2026-08-26 06:15:47.091 INFO  [c.a.s.s.s.SendEmailScheduler] [SyncApprovalStatus] Hoàn tất đồng bộ trạng thái phê duyệt.
2026-08-26 06:15:48.795 WARN  [o.a.c.l.WebappClassLoaderBase] The web application [ROOT] appears to have started a thread named [OJDBC-WORKER-THREAD-4] but has failed to stop it. This is very likely to create a memory leak. Stack trace of thread:
 java.base@11.0.30/jdk.internal.misc.Unsafe.park(Native Method)
 java.base@11.0.30/java.util.concurrent.locks.LockSupport.parkNanos(LockSupport.java:234)
 java.base@11.0.30/java.util.concurrent.SynchronousQueue$TransferStack.awaitFulfill(SynchronousQueue.java:462)
 java.base@11.0.30/java.util.concurrent.SynchronousQueue$TransferStack.transfer(SynchronousQueue.java:361)
 java.base@11.0.30/java.util.concurrent.SynchronousQueue.poll(SynchronousQueue.java:937)
 java.base@11.0.30/java.util.concurrent.ThreadPoolExecutor.getTask(ThreadPoolExecutor.java:1053)
 java.base@11.0.30/java.util.concurrent.ThreadPoolExecutor.runWorker(ThreadPoolExecutor.java:1114)
 java.base@11.0.30/java.util.concurrent.ThreadPoolExecutor$Worker.run(ThreadPoolExecutor.java:628)
 java.base@11.0.30/java.lang.Thread.run(Thread.java:834)
2026-08-26 06:15:48.796 WARN  [o.a.c.l.WebappClassLoaderBase] The web application [ROOT] appears to have started a thread named [HrAppPool housekeeper] but has failed to stop it. This is very likely to create a memory leak. Stack trace of thread:
 java.base@11.0.30/jdk.internal.misc.Unsafe.park(Native Method)
 java.base@11.0.30/java.util.concurrent.locks.LockSupport.parkNanos(LockSupport.java:234)
 java.base@11.0.30/java.util.concurrent.locks.AbstractQueuedSynchronizer$ConditionObject.awaitNanos(AbstractQueuedSynchronizer.java:2123)
 java.base@11.0.30/java.util.concurrent.ScheduledThreadPoolExecutor$DelayedWorkQueue.take(ScheduledThreadPoolExecutor.java:1182)
 java.base@11.0.30/java.util.concurrent.ScheduledThreadPoolExecutor$DelayedWorkQueue.take(ScheduledThreadPoolExecutor.java:899)
 java.base@11.0.30/java.util.concurrent.ThreadPoolExecutor.getTask(ThreadPoolExecutor.java:1054)
 java.base@11.0.30/java.util.concurrent.ThreadPoolExecutor.runWorker(ThreadPoolExecutor.java:1114)
 java.base@11.0.30/java.util.concurrent.ThreadPoolExecutor$Worker.run(ThreadPoolExecutor.java:628)
 java.base@11.0.30/java.lang.Thread.run(Thread.java:834)
2026-08-26 06:15:48.797 WARN  [o.a.c.l.WebappClassLoaderBase] The web application [ROOT] appears to have started a thread named [HrAppPool connection adder] but has failed to stop it. This is very likely to create a memory leak. Stack trace of thread:
 java.base@11.0.30/jdk.internal.misc.Unsafe.park(Native Method)
 java.base@11.0.30/java.util.concurrent.locks.LockSupport.parkNanos(LockSupport.java:234)
 java.base@11.0.30/java.util.concurrent.locks.AbstractQueuedSynchronizer$ConditionObject.awaitNanos(AbstractQueuedSynchronizer.java:2123)
 java.base@11.0.30/java.util.concurrent.LinkedBlockingQueue.poll(LinkedBlockingQueue.java:458)
 java.base@11.0.30/java.util.concurrent.ThreadPoolExecutor.getTask(ThreadPoolExecutor.java:1053)
 java.base@11.0.30/java.util.concurrent.ThreadPoolExecutor.runWorker(ThreadPoolExecutor.java:1114)
 java.base@11.0.30/java.util.concurrent.ThreadPoolExecutor$Worker.run(ThreadPoolExecutor.java:628)
 java.base@11.0.30/java.lang.Thread.run(Thread.java:834)
2026-08-26 06:15:51.359 WARN  [o.s.b.a.s.s.UserDetailsServiceAutoConfiguration] 

Using generated security password: 427b2294-1430-463e-bbad-5bf17fa37cbb

This generated password is for development use only. Your security configuration must be updated before running your application in production.

2026-08-26 06:15:51.662 INFO  [c.a.s.s.s.SendEmailScheduler] [SyncApprovalStatus] Bắt đầu đồng bộ trạng thái phê duyệt.
2026-08-26 06:15:51.682 INFO  [c.a.config.SqlOnlyInterceptor] SQL Execute | mapper=com.ait.sy.sys.mapper.SendEmailMapper.getSynchronizationApprovalList | caller=com.ait.sy.sys.service.impl.SendEmailServiceImpl.synchronizationApprovalStatus(SendEmailServiceImpl.java:467) | command=SELECT | params=[] | sql=SELECT * FROM ( SELECT ATT.APPLY_NO, ATT.PERSON_ID, ATT.LEAVE_TYPE_NO APPLY_TYPE_NO, ATT.LEAVE_TYPE_CODE APPLY_TYPE_CODE, (CASE WHEN ( TO_DATE(TO_CHAR(ATT.LEAVE_FROM_TIME, 'HH24:MI'), 'HH24:MI') > TO_DATE(SUBSTR(SUBSTR(GET_AR_SHIFT_TIME(GET_AR_SHIFTNO(ATT.PERSON_ID, TO_CHAR(ATT.LEAVE_FROM_TIME, 'YYYY/MM/DD'), 'HAE'), TO_CHAR(ATT.LEAVE_FROM_TIME, 'YYYY/MM/DD'), 'HAE', 'FIRST'), 0, 16), 12, 16), 'HH24:MI') ) THEN '1' ELSE '0' END) TIME_FLAG, ATT.BATCH_YN, ATT.BATCH_NO, ATT.MISDOCID FROM ESS_LEAVE_APPLY_TB ATT WHERE ATT.AFFIRM_FLAG NOT IN ('14014308', '14014309', '14014310') AND ATT.CPNY_ID = 'HAE' AND ATT.ACTIVITY = 1 AND ATT.SEND_EMAIL_FLAG = 1 AND ATT.LEAVE_FROM_TIME >= TO_DATE(TO_CHAR(ADD_MONTHS(SYSDATE,-1),'YYYY/MM/DD'),'YYYY/MM/DD') AND ATT.MISDOCID IS NOT NULL UNION ALL SELECT OT.APPLY_NO, OT.PERSON_ID, OT.OT_TYPE_NO APPLY_TYPE_NO, OT.OT_TYPE_CODE APPLY_TYPE_CODE, '0' TIME_FLAG, OT.BATCH_YN, OT.BATCH_NO, OT.MISDOCID FROM ESS_APPLY_OT OT WHERE OT.AFFIRM_FLAG NOT IN ('14014308', '14014309', '14014310') AND OT.CPNY_ID = 'HAE' AND OT.ACTIVITY = 1 AND OT.SEND_EMAIL_FLAG = 1 AND OT.APPLY_OT_DATE >= TO_DATE(TO_CHAR(ADD_MONTHS(SYSDATE,-1),'YYYY/MM/DD'),'YYYY/MM/DD') AND OT.MISDOCID IS NOT NULL UNION ALL SELECT OTO.APPLY_NO, OTO.PERSON_ID, OTO.OT_TYPE_NO APPLY_TYPE_NO, OTO.OT_TYPE_CODE APPLY_TYPE_CODE, '0' TIME_FLAG, OTO.BATCH_YN, OTO.BATCH_NO, OTO.MISDOCID FROM ESS_APPLY_OT_OVER OTO WHERE OTO.AFFIRM_FLAG NOT IN ('14014308', '14014309', '14014310') AND OTO.CPNY_ID = 'HAE' AND OTO.ACTIVITY = 1 AND OTO.SEND_EMAIL_FLAG = 1 AND OTO.APPLY_OT_DATE >= TO_DATE(TO_CHAR(ADD_MONTHS(SYSDATE,-1),'YYYY/MM/DD'),'YYYY/MM/DD') AND OTO.MISDOCID IS NOT NULL UNION ALL SELECT CARD.APPLY_NO, CARD.PERSON_ID, '218197' APPLY_TYPE_NO, CARD.ITEM_NO APPLY_TYPE_CODE, '0' TIME_FLAG, 0 BATCH_YN, 0 BATCH_NO, CARD.MISDOCID FROM ESS_CARD_APPLY_TB CARD WHERE CARD.AFFIRM_FLAG NOT IN ('14014308', '14014309', '14014310') AND CARD.CPNY_ID = 'HAE' AND CARD.ACTIVITY = '1' AND CARD.SEND_EMAIL_FLAG = 1 AND CARD.CREATE_DATE >= TO_DATE(TO_CHAR(ADD_MONTHS(SYSDATE,-1),'YYYY/MM/DD'),'YYYY/MM/DD') AND CARD.MISDOCID IS NOT NULL ) A ORDER BY A.APPLY_NO
2026-08-26 06:15:51.737 INFO  [c.a.config.SqlOnlyInterceptor] SQL Result  | mapper=com.ait.sy.sys.mapper.SendEmailMapper.getSynchronizationApprovalList | caller=com.ait.sy.sys.service.impl.SendEmailServiceImpl.synchronizationApprovalStatus(SendEmailServiceImpl.java:467) | rowsReturned=0 | took=55 ms
2026-08-26 06:15:51.740 INFO  [c.a.s.s.s.SendEmailScheduler] [SyncApprovalStatus] Hoàn tất đồng bộ trạng thái phê duyệt.
2026-08-26 06:15:55.689 WARN  [o.a.c.l.WebappClassLoaderBase] The web application [ROOT] appears to have started a thread named [HrAppPool housekeeper] but has failed to stop it. This is very likely to create a memory leak. Stack trace of thread:
 java.base@11.0.30/jdk.internal.misc.Unsafe.park(Native Method)
 java.base@11.0.30/java.util.concurrent.locks.LockSupport.parkNanos(LockSupport.java:234)
 java.base@11.0.30/java.util.concurrent.locks.AbstractQueuedSynchronizer$ConditionObject.awaitNanos(AbstractQueuedSynchronizer.java:2123)
 java.base@11.0.30/java.util.concurrent.ScheduledThreadPoolExecutor$DelayedWorkQueue.take(ScheduledThreadPoolExecutor.java:1182)
 java.base@11.0.30/java.util.concurrent.ScheduledThreadPoolExecutor$DelayedWorkQueue.take(ScheduledThreadPoolExecutor.java:899)
 java.base@11.0.30/java.util.concurrent.ThreadPoolExecutor.getTask(ThreadPoolExecutor.java:1054)
 java.base@11.0.30/java.util.concurrent.ThreadPoolExecutor.runWorker(ThreadPoolExecutor.java:1114)
 java.base@11.0.30/java.util.concurrent.ThreadPoolExecutor$Worker.run(ThreadPoolExecutor.java:628)
 java.base@11.0.30/java.lang.Thread.run(Thread.java:834)
2026-08-26 06:15:55.690 WARN  [o.a.c.l.WebappClassLoaderBase] The web application [ROOT] appears to have started a thread named [HrAppPool connection adder] but has failed to stop it. This is very likely to create a memory leak. Stack trace of thread:
 java.base@11.0.30/jdk.internal.misc.Unsafe.park(Native Method)
 java.base@11.0.30/java.util.concurrent.locks.LockSupport.parkNanos(LockSupport.java:234)
 java.base@11.0.30/java.util.concurrent.locks.AbstractQueuedSynchronizer$ConditionObject.awaitNanos(AbstractQueuedSynchronizer.java:2123)
 java.base@11.0.30/java.util.concurrent.LinkedBlockingQueue.poll(LinkedBlockingQueue.java:458)
 java.base@11.0.30/java.util.concurrent.ThreadPoolExecutor.getTask(ThreadPoolExecutor.java:1053)
 java.base@11.0.30/java.util.concurrent.ThreadPoolExecutor.runWorker(ThreadPoolExecutor.java:1114)
 java.base@11.0.30/java.util.concurrent.ThreadPoolExecutor$Worker.run(ThreadPoolExecutor.java:628)
 java.base@11.0.30/java.lang.Thread.run(Thread.java:834)
2026-08-26 06:15:58.212 WARN  [o.s.b.a.s.s.UserDetailsServiceAutoConfiguration] 

Using generated security password: e3ee7f0f-777d-4cb6-895a-aecfb95977f2

This generated password is for development use only. Your security configuration must be updated before running your application in production.

2026-08-26 06:15:58.508 INFO  [c.a.s.s.s.SendEmailScheduler] [SyncApprovalStatus] Bắt đầu đồng bộ trạng thái phê duyệt.
2026-08-26 06:15:58.540 INFO  [c.a.config.SqlOnlyInterceptor] SQL Execute | mapper=com.ait.sy.sys.mapper.SendEmailMapper.getSynchronizationApprovalList | caller=com.ait.sy.sys.service.impl.SendEmailServiceImpl.synchronizationApprovalStatus(SendEmailServiceImpl.java:467) | command=SELECT | params=[] | sql=SELECT * FROM ( SELECT ATT.APPLY_NO, ATT.PERSON_ID, ATT.LEAVE_TYPE_NO APPLY_TYPE_NO, ATT.LEAVE_TYPE_CODE APPLY_TYPE_CODE, (CASE WHEN ( TO_DATE(TO_CHAR(ATT.LEAVE_FROM_TIME, 'HH24:MI'), 'HH24:MI') > TO_DATE(SUBSTR(SUBSTR(GET_AR_SHIFT_TIME(GET_AR_SHIFTNO(ATT.PERSON_ID, TO_CHAR(ATT.LEAVE_FROM_TIME, 'YYYY/MM/DD'), 'HAE'), TO_CHAR(ATT.LEAVE_FROM_TIME, 'YYYY/MM/DD'), 'HAE', 'FIRST'), 0, 16), 12, 16), 'HH24:MI') ) THEN '1' ELSE '0' END) TIME_FLAG, ATT.BATCH_YN, ATT.BATCH_NO, ATT.MISDOCID FROM ESS_LEAVE_APPLY_TB ATT WHERE ATT.AFFIRM_FLAG NOT IN ('14014308', '14014309', '14014310') AND ATT.CPNY_ID = 'HAE' AND ATT.ACTIVITY = 1 AND ATT.SEND_EMAIL_FLAG = 1 AND ATT.LEAVE_FROM_TIME >= TO_DATE(TO_CHAR(ADD_MONTHS(SYSDATE,-1),'YYYY/MM/DD'),'YYYY/MM/DD') AND ATT.MISDOCID IS NOT NULL UNION ALL SELECT OT.APPLY_NO, OT.PERSON_ID, OT.OT_TYPE_NO APPLY_TYPE_NO, OT.OT_TYPE_CODE APPLY_TYPE_CODE, '0' TIME_FLAG, OT.BATCH_YN, OT.BATCH_NO, OT.MISDOCID FROM ESS_APPLY_OT OT WHERE OT.AFFIRM_FLAG NOT IN ('14014308', '14014309', '14014310') AND OT.CPNY_ID = 'HAE' AND OT.ACTIVITY = 1 AND OT.SEND_EMAIL_FLAG = 1 AND OT.APPLY_OT_DATE >= TO_DATE(TO_CHAR(ADD_MONTHS(SYSDATE,-1),'YYYY/MM/DD'),'YYYY/MM/DD') AND OT.MISDOCID IS NOT NULL UNION ALL SELECT OTO.APPLY_NO, OTO.PERSON_ID, OTO.OT_TYPE_NO APPLY_TYPE_NO, OTO.OT_TYPE_CODE APPLY_TYPE_CODE, '0' TIME_FLAG, OTO.BATCH_YN, OTO.BATCH_NO, OTO.MISDOCID FROM ESS_APPLY_OT_OVER OTO WHERE OTO.AFFIRM_FLAG NOT IN ('14014308', '14014309', '14014310') AND OTO.CPNY_ID = 'HAE' AND OTO.ACTIVITY = 1 AND OTO.SEND_EMAIL_FLAG = 1 AND OTO.APPLY_OT_DATE >= TO_DATE(TO_CHAR(ADD_MONTHS(SYSDATE,-1),'YYYY/MM/DD'),'YYYY/MM/DD') AND OTO.MISDOCID IS NOT NULL UNION ALL SELECT CARD.APPLY_NO, CARD.PERSON_ID, '218197' APPLY_TYPE_NO, CARD.ITEM_NO APPLY_TYPE_CODE, '0' TIME_FLAG, 0 BATCH_YN, 0 BATCH_NO, CARD.MISDOCID FROM ESS_CARD_APPLY_TB CARD WHERE CARD.AFFIRM_FLAG NOT IN ('14014308', '14014309', '14014310') AND CARD.CPNY_ID = 'HAE' AND CARD.ACTIVITY = '1' AND CARD.SEND_EMAIL_FLAG = 1 AND CARD.CREATE_DATE >= TO_DATE(TO_CHAR(ADD_MONTHS(SYSDATE,-1),'YYYY/MM/DD'),'YYYY/MM/DD') AND CARD.MISDOCID IS NOT NULL ) A ORDER BY A.APPLY_NO
2026-08-26 06:15:58.576 INFO  [c.a.config.SqlOnlyInterceptor] SQL Result  | mapper=com.ait.sy.sys.mapper.SendEmailMapper.getSynchronizationApprovalList | caller=com.ait.sy.sys.service.impl.SendEmailServiceImpl.synchronizationApprovalStatus(SendEmailServiceImpl.java:467) | rowsReturned=0 | took=36 ms
2026-08-26 06:15:58.579 INFO  [c.a.s.s.s.SendEmailScheduler] [SyncApprovalStatus] Hoàn tất đồng bộ trạng thái phê duyệt.
2026-08-26 06:16:05.831 WARN  [o.a.c.l.WebappClassLoaderBase] The web application [ROOT] appears to have started a thread named [HrAppPool housekeeper] but has failed to stop it. This is very likely to create a memory leak. Stack trace of thread:
 java.base@11.0.30/jdk.internal.misc.Unsafe.park(Native Method)
 java.base@11.0.30/java.util.concurrent.locks.LockSupport.parkNanos(LockSupport.java:234)
 java.base@11.0.30/java.util.concurrent.locks.AbstractQueuedSynchronizer$ConditionObject.awaitNanos(AbstractQueuedSynchronizer.java:2123)
 java.base@11.0.30/java.util.concurrent.ScheduledThreadPoolExecutor$DelayedWorkQueue.take(ScheduledThreadPoolExecutor.java:1182)
 java.base@11.0.30/java.util.concurrent.ScheduledThreadPoolExecutor$DelayedWorkQueue.take(ScheduledThreadPoolExecutor.java:899)
 java.base@11.0.30/java.util.concurrent.ThreadPoolExecutor.getTask(ThreadPoolExecutor.java:1054)
 java.base@11.0.30/java.util.concurrent.ThreadPoolExecutor.runWorker(ThreadPoolExecutor.java:1114)
 java.base@11.0.30/java.util.concurrent.ThreadPoolExecutor$Worker.run(ThreadPoolExecutor.java:628)
 java.base@11.0.30/java.lang.Thread.run(Thread.java:834)
2026-08-26 06:16:08.709 WARN  [o.s.b.a.s.s.UserDetailsServiceAutoConfiguration] 

Using generated security password: 2fc518b1-1bc0-48b8-903f-f16fbae39095

This generated password is for development use only. Your security configuration must be updated before running your application in production.

2026-08-26 06:16:09.091 INFO  [c.a.s.s.s.SendEmailScheduler] [SyncApprovalStatus] Bắt đầu đồng bộ trạng thái phê duyệt.
2026-08-26 06:16:09.118 INFO  [c.a.config.SqlOnlyInterceptor] SQL Execute | mapper=com.ait.sy.sys.mapper.SendEmailMapper.getSynchronizationApprovalList | caller=com.ait.sy.sys.service.impl.SendEmailServiceImpl.synchronizationApprovalStatus(SendEmailServiceImpl.java:467) | command=SELECT | params=[] | sql=SELECT * FROM ( SELECT ATT.APPLY_NO, ATT.PERSON_ID, ATT.LEAVE_TYPE_NO APPLY_TYPE_NO, ATT.LEAVE_TYPE_CODE APPLY_TYPE_CODE, (CASE WHEN ( TO_DATE(TO_CHAR(ATT.LEAVE_FROM_TIME, 'HH24:MI'), 'HH24:MI') > TO_DATE(SUBSTR(SUBSTR(GET_AR_SHIFT_TIME(GET_AR_SHIFTNO(ATT.PERSON_ID, TO_CHAR(ATT.LEAVE_FROM_TIME, 'YYYY/MM/DD'), 'HAE'), TO_CHAR(ATT.LEAVE_FROM_TIME, 'YYYY/MM/DD'), 'HAE', 'FIRST'), 0, 16), 12, 16), 'HH24:MI') ) THEN '1' ELSE '0' END) TIME_FLAG, ATT.BATCH_YN, ATT.BATCH_NO, ATT.MISDOCID FROM ESS_LEAVE_APPLY_TB ATT WHERE ATT.AFFIRM_FLAG NOT IN ('14014308', '14014309', '14014310') AND ATT.CPNY_ID = 'HAE' AND ATT.ACTIVITY = 1 AND ATT.SEND_EMAIL_FLAG = 1 AND ATT.LEAVE_FROM_TIME >= TO_DATE(TO_CHAR(ADD_MONTHS(SYSDATE,-1),'YYYY/MM/DD'),'YYYY/MM/DD') AND ATT.MISDOCID IS NOT NULL UNION ALL SELECT OT.APPLY_NO, OT.PERSON_ID, OT.OT_TYPE_NO APPLY_TYPE_NO, OT.OT_TYPE_CODE APPLY_TYPE_CODE, '0' TIME_FLAG, OT.BATCH_YN, OT.BATCH_NO, OT.MISDOCID FROM ESS_APPLY_OT OT WHERE OT.AFFIRM_FLAG NOT IN ('14014308', '14014309', '14014310') AND OT.CPNY_ID = 'HAE' AND OT.ACTIVITY = 1 AND OT.SEND_EMAIL_FLAG = 1 AND OT.APPLY_OT_DATE >= TO_DATE(TO_CHAR(ADD_MONTHS(SYSDATE,-1),'YYYY/MM/DD'),'YYYY/MM/DD') AND OT.MISDOCID IS NOT NULL UNION ALL SELECT OTO.APPLY_NO, OTO.PERSON_ID, OTO.OT_TYPE_NO APPLY_TYPE_NO, OTO.OT_TYPE_CODE APPLY_TYPE_CODE, '0' TIME_FLAG, OTO.BATCH_YN, OTO.BATCH_NO, OTO.MISDOCID FROM ESS_APPLY_OT_OVER OTO WHERE OTO.AFFIRM_FLAG NOT IN ('14014308', '14014309', '14014310') AND OTO.CPNY_ID = 'HAE' AND OTO.ACTIVITY = 1 AND OTO.SEND_EMAIL_FLAG = 1 AND OTO.APPLY_OT_DATE >= TO_DATE(TO_CHAR(ADD_MONTHS(SYSDATE,-1),'YYYY/MM/DD'),'YYYY/MM/DD') AND OTO.MISDOCID IS NOT NULL UNION ALL SELECT CARD.APPLY_NO, CARD.PERSON_ID, '218197' APPLY_TYPE_NO, CARD.ITEM_NO APPLY_TYPE_CODE, '0' TIME_FLAG, 0 BATCH_YN, 0 BATCH_NO, CARD.MISDOCID FROM ESS_CARD_APPLY_TB CARD WHERE CARD.AFFIRM_FLAG NOT IN ('14014308', '14014309', '14014310') AND CARD.CPNY_ID = 'HAE' AND CARD.ACTIVITY = '1' AND CARD.SEND_EMAIL_FLAG = 1 AND CARD.CREATE_DATE >= TO_DATE(TO_CHAR(ADD_MONTHS(SYSDATE,-1),'YYYY/MM/DD'),'YYYY/MM/DD') AND CARD.MISDOCID IS NOT NULL ) A ORDER BY A.APPLY_NO
2026-08-26 06:16:09.147 INFO  [c.a.config.SqlOnlyInterceptor] SQL Result  | mapper=com.ait.sy.sys.mapper.SendEmailMapper.getSynchronizationApprovalList | caller=com.ait.sy.sys.service.impl.SendEmailServiceImpl.synchronizationApprovalStatus(SendEmailServiceImpl.java:467) | rowsReturned=0 | took=29 ms
2026-08-26 06:16:09.148 INFO  [c.a.s.s.s.SendEmailScheduler] [SyncApprovalStatus] Hoàn tất đồng bộ trạng thái phê duyệt.
2026-08-26 06:16:36.775 WARN  [o.a.c.l.WebappClassLoaderBase] The web application [ROOT] appears to have started a thread named [HrAppPool housekeeper] but has failed to stop it. This is very likely to create a memory leak. Stack trace of thread:
 java.base@11.0.30/jdk.internal.misc.Unsafe.park(Native Method)
 java.base@11.0.30/java.util.concurrent.locks.LockSupport.parkNanos(LockSupport.java:234)
 java.base@11.0.30/java.util.concurrent.locks.AbstractQueuedSynchronizer$ConditionObject.awaitNanos(AbstractQueuedSynchronizer.java:2123)
 java.base@11.0.30/java.util.concurrent.ScheduledThreadPoolExecutor$DelayedWorkQueue.take(ScheduledThreadPoolExecutor.java:1182)
 java.base@11.0.30/java.util.concurrent.ScheduledThreadPoolExecutor$DelayedWorkQueue.take(ScheduledThreadPoolExecutor.java:899)
 java.base@11.0.30/java.util.concurrent.ThreadPoolExecutor.getTask(ThreadPoolExecutor.java:1054)
 java.base@11.0.30/java.util.concurrent.ThreadPoolExecutor.runWorker(ThreadPoolExecutor.java:1114)
 java.base@11.0.30/java.util.concurrent.ThreadPoolExecutor$Worker.run(ThreadPoolExecutor.java:628)
 java.base@11.0.30/java.lang.Thread.run(Thread.java:834)
2026-08-26 06:16:40.368 WARN  [o.s.b.a.s.s.UserDetailsServiceAutoConfiguration] 

Using generated security password: 6f98b624-6c3b-49d5-9ba3-c61648dd3995

This generated password is for development use only. Your security configuration must be updated before running your application in production.

2026-08-26 06:16:40.719 INFO  [c.a.s.s.s.SendEmailScheduler] [SyncApprovalStatus] Bắt đầu đồng bộ trạng thái phê duyệt.
2026-08-26 06:16:40.741 INFO  [c.a.config.SqlOnlyInterceptor] SQL Execute | mapper=com.ait.sy.sys.mapper.SendEmailMapper.getSynchronizationApprovalList | caller=com.ait.sy.sys.service.impl.SendEmailServiceImpl.synchronizationApprovalStatus(SendEmailServiceImpl.java:467) | command=SELECT | params=[] | sql=SELECT * FROM ( SELECT ATT.APPLY_NO, ATT.PERSON_ID, ATT.LEAVE_TYPE_NO APPLY_TYPE_NO, ATT.LEAVE_TYPE_CODE APPLY_TYPE_CODE, (CASE WHEN ( TO_DATE(TO_CHAR(ATT.LEAVE_FROM_TIME, 'HH24:MI'), 'HH24:MI') > TO_DATE(SUBSTR(SUBSTR(GET_AR_SHIFT_TIME(GET_AR_SHIFTNO(ATT.PERSON_ID, TO_CHAR(ATT.LEAVE_FROM_TIME, 'YYYY/MM/DD'), 'HAE'), TO_CHAR(ATT.LEAVE_FROM_TIME, 'YYYY/MM/DD'), 'HAE', 'FIRST'), 0, 16), 12, 16), 'HH24:MI') ) THEN '1' ELSE '0' END) TIME_FLAG, ATT.BATCH_YN, ATT.BATCH_NO, ATT.MISDOCID FROM ESS_LEAVE_APPLY_TB ATT WHERE ATT.AFFIRM_FLAG NOT IN ('14014308', '14014309', '14014310') AND ATT.CPNY_ID = 'HAE' AND ATT.ACTIVITY = 1 AND ATT.SEND_EMAIL_FLAG = 1 AND ATT.LEAVE_FROM_TIME >= TO_DATE(TO_CHAR(ADD_MONTHS(SYSDATE,-1),'YYYY/MM/DD'),'YYYY/MM/DD') AND ATT.MISDOCID IS NOT NULL UNION ALL SELECT OT.APPLY_NO, OT.PERSON_ID, OT.OT_TYPE_NO APPLY_TYPE_NO, OT.OT_TYPE_CODE APPLY_TYPE_CODE, '0' TIME_FLAG, OT.BATCH_YN, OT.BATCH_NO, OT.MISDOCID FROM ESS_APPLY_OT OT WHERE OT.AFFIRM_FLAG NOT IN ('14014308', '14014309', '14014310') AND OT.CPNY_ID = 'HAE' AND OT.ACTIVITY = 1 AND OT.SEND_EMAIL_FLAG = 1 AND OT.APPLY_OT_DATE >= TO_DATE(TO_CHAR(ADD_MONTHS(SYSDATE,-1),'YYYY/MM/DD'),'YYYY/MM/DD') AND OT.MISDOCID IS NOT NULL UNION ALL SELECT OTO.APPLY_NO, OTO.PERSON_ID, OTO.OT_TYPE_NO APPLY_TYPE_NO, OTO.OT_TYPE_CODE APPLY_TYPE_CODE, '0' TIME_FLAG, OTO.BATCH_YN, OTO.BATCH_NO, OTO.MISDOCID FROM ESS_APPLY_OT_OVER OTO WHERE OTO.AFFIRM_FLAG NOT IN ('14014308', '14014309', '14014310') AND OTO.CPNY_ID = 'HAE' AND OTO.ACTIVITY = 1 AND OTO.SEND_EMAIL_FLAG = 1 AND OTO.APPLY_OT_DATE >= TO_DATE(TO_CHAR(ADD_MONTHS(SYSDATE,-1),'YYYY/MM/DD'),'YYYY/MM/DD') AND OTO.MISDOCID IS NOT NULL UNION ALL SELECT CARD.APPLY_NO, CARD.PERSON_ID, '218197' APPLY_TYPE_NO, CARD.ITEM_NO APPLY_TYPE_CODE, '0' TIME_FLAG, 0 BATCH_YN, 0 BATCH_NO, CARD.MISDOCID FROM ESS_CARD_APPLY_TB CARD WHERE CARD.AFFIRM_FLAG NOT IN ('14014308', '14014309', '14014310') AND CARD.CPNY_ID = 'HAE' AND CARD.ACTIVITY = '1' AND CARD.SEND_EMAIL_FLAG = 1 AND CARD.CREATE_DATE >= TO_DATE(TO_CHAR(ADD_MONTHS(SYSDATE,-1),'YYYY/MM/DD'),'YYYY/MM/DD') AND CARD.MISDOCID IS NOT NULL ) A ORDER BY A.APPLY_NO
2026-08-26 06:16:40.772 INFO  [c.a.config.SqlOnlyInterceptor] SQL Result  | mapper=com.ait.sy.sys.mapper.SendEmailMapper.getSynchronizationApprovalList | caller=com.ait.sy.sys.service.impl.SendEmailServiceImpl.synchronizationApprovalStatus(SendEmailServiceImpl.java:467) | rowsReturned=0 | took=31 ms
2026-08-26 06:16:40.774 INFO  [c.a.s.s.s.SendEmailScheduler] [SyncApprovalStatus] Hoàn tất đồng bộ trạng thái phê duyệt.
2026-08-26 06:17:26.131 WARN  [o.a.c.l.WebappClassLoaderBase] The web application [ROOT] appears to have started a thread named [HrAppPool housekeeper] but has failed to stop it. This is very likely to create a memory leak. Stack trace of thread:
 java.base@11.0.30/jdk.internal.misc.Unsafe.park(Native Method)
 java.base@11.0.30/java.util.concurrent.locks.LockSupport.parkNanos(LockSupport.java:234)
 java.base@11.0.30/java.util.concurrent.locks.AbstractQueuedSynchronizer$ConditionObject.awaitNanos(AbstractQueuedSynchronizer.java:2123)
 java.base@11.0.30/java.util.concurrent.ScheduledThreadPoolExecutor$DelayedWorkQueue.take(ScheduledThreadPoolExecutor.java:1182)
 java.base@11.0.30/java.util.concurrent.ScheduledThreadPoolExecutor$DelayedWorkQueue.take(ScheduledThreadPoolExecutor.java:899)
 java.base@11.0.30/java.util.concurrent.ThreadPoolExecutor.getTask(ThreadPoolExecutor.java:1054)
 java.base@11.0.30/java.util.concurrent.ThreadPoolExecutor.runWorker(ThreadPoolExecutor.java:1114)
 java.base@11.0.30/java.util.concurrent.ThreadPoolExecutor$Worker.run(ThreadPoolExecutor.java:628)
 java.base@11.0.30/java.lang.Thread.run(Thread.java:834)
2026-08-26 06:17:29.739 WARN  [o.s.b.a.s.s.UserDetailsServiceAutoConfiguration] 

Using generated security password: fdcdaaec-e8cb-4b30-8597-d1c9a738f82e

This generated password is for development use only. Your security configuration must be updated before running your application in production.

2026-08-26 06:17:30.099 INFO  [c.a.s.s.s.SendEmailScheduler] [SyncApprovalStatus] Bắt đầu đồng bộ trạng thái phê duyệt.
2026-08-26 06:17:30.123 INFO  [c.a.config.SqlOnlyInterceptor] SQL Execute | mapper=com.ait.sy.sys.mapper.SendEmailMapper.getSynchronizationApprovalList | caller=com.ait.sy.sys.service.impl.SendEmailServiceImpl.synchronizationApprovalStatus(SendEmailServiceImpl.java:467) | command=SELECT | params=[] | sql=SELECT * FROM ( SELECT ATT.APPLY_NO, ATT.PERSON_ID, ATT.LEAVE_TYPE_NO APPLY_TYPE_NO, ATT.LEAVE_TYPE_CODE APPLY_TYPE_CODE, (CASE WHEN ( TO_DATE(TO_CHAR(ATT.LEAVE_FROM_TIME, 'HH24:MI'), 'HH24:MI') > TO_DATE(SUBSTR(SUBSTR(GET_AR_SHIFT_TIME(GET_AR_SHIFTNO(ATT.PERSON_ID, TO_CHAR(ATT.LEAVE_FROM_TIME, 'YYYY/MM/DD'), 'HAE'), TO_CHAR(ATT.LEAVE_FROM_TIME, 'YYYY/MM/DD'), 'HAE', 'FIRST'), 0, 16), 12, 16), 'HH24:MI') ) THEN '1' ELSE '0' END) TIME_FLAG, ATT.BATCH_YN, ATT.BATCH_NO, ATT.MISDOCID FROM ESS_LEAVE_APPLY_TB ATT WHERE ATT.AFFIRM_FLAG NOT IN ('14014308', '14014309', '14014310') AND ATT.CPNY_ID = 'HAE' AND ATT.ACTIVITY = 1 AND ATT.SEND_EMAIL_FLAG = 1 AND ATT.LEAVE_FROM_TIME >= TO_DATE(TO_CHAR(ADD_MONTHS(SYSDATE,-1),'YYYY/MM/DD'),'YYYY/MM/DD') AND ATT.MISDOCID IS NOT NULL UNION ALL SELECT OT.APPLY_NO, OT.PERSON_ID, OT.OT_TYPE_NO APPLY_TYPE_NO, OT.OT_TYPE_CODE APPLY_TYPE_CODE, '0' TIME_FLAG, OT.BATCH_YN, OT.BATCH_NO, OT.MISDOCID FROM ESS_APPLY_OT OT WHERE OT.AFFIRM_FLAG NOT IN ('14014308', '14014309', '14014310') AND OT.CPNY_ID = 'HAE' AND OT.ACTIVITY = 1 AND OT.SEND_EMAIL_FLAG = 1 AND OT.APPLY_OT_DATE >= TO_DATE(TO_CHAR(ADD_MONTHS(SYSDATE,-1),'YYYY/MM/DD'),'YYYY/MM/DD') AND OT.MISDOCID IS NOT NULL UNION ALL SELECT OTO.APPLY_NO, OTO.PERSON_ID, OTO.OT_TYPE_NO APPLY_TYPE_NO, OTO.OT_TYPE_CODE APPLY_TYPE_CODE, '0' TIME_FLAG, OTO.BATCH_YN, OTO.BATCH_NO, OTO.MISDOCID FROM ESS_APPLY_OT_OVER OTO WHERE OTO.AFFIRM_FLAG NOT IN ('14014308', '14014309', '14014310') AND OTO.CPNY_ID = 'HAE' AND OTO.ACTIVITY = 1 AND OTO.SEND_EMAIL_FLAG = 1 AND OTO.APPLY_OT_DATE >= TO_DATE(TO_CHAR(ADD_MONTHS(SYSDATE,-1),'YYYY/MM/DD'),'YYYY/MM/DD') AND OTO.MISDOCID IS NOT NULL UNION ALL SELECT CARD.APPLY_NO, CARD.PERSON_ID, '218197' APPLY_TYPE_NO, CARD.ITEM_NO APPLY_TYPE_CODE, '0' TIME_FLAG, 0 BATCH_YN, 0 BATCH_NO, CARD.MISDOCID FROM ESS_CARD_APPLY_TB CARD WHERE CARD.AFFIRM_FLAG NOT IN ('14014308', '14014309', '14014310') AND CARD.CPNY_ID = 'HAE' AND CARD.ACTIVITY = '1' AND CARD.SEND_EMAIL_FLAG = 1 AND CARD.CREATE_DATE >= TO_DATE(TO_CHAR(ADD_MONTHS(SYSDATE,-1),'YYYY/MM/DD'),'YYYY/MM/DD') AND CARD.MISDOCID IS NOT NULL ) A ORDER BY A.APPLY_NO
2026-08-26 06:17:30.154 INFO  [c.a.config.SqlOnlyInterceptor] SQL Result  | mapper=com.ait.sy.sys.mapper.SendEmailMapper.getSynchronizationApprovalList | caller=com.ait.sy.sys.service.impl.SendEmailServiceImpl.synchronizationApprovalStatus(SendEmailServiceImpl.java:467) | rowsReturned=0 | took=32 ms
2026-08-26 06:17:30.155 INFO  [c.a.s.s.s.SendEmailScheduler] [SyncApprovalStatus] Hoàn tất đồng bộ trạng thái phê duyệt.
2026-08-26 06:18:25.341 INFO  [c.a.s.s.c.AuthController] [CSRF-DEBUG] GET /login sessionId=ED3FBFA93333F9B45EE1B6AA5E6FEEC5 isNew=false csrfToken=Grbr0BSv...(len=43)
2026-08-26 06:18:25.341 WARN  [c.ait.util.AngularIndexService] Khong tim thay static/ng/index.html - chua build Angular. Chay 'npm run build' trong thu muc frontend/.
2026-08-26 06:18:43.901 WARN  [o.a.c.l.WebappClassLoaderBase] The web application [ROOT] appears to have started a thread named [HrAppPool housekeeper] but has failed to stop it. This is very likely to create a memory leak. Stack trace of thread:
 java.base@11.0.30/jdk.internal.misc.Unsafe.park(Native Method)
 java.base@11.0.30/java.util.concurrent.locks.LockSupport.parkNanos(LockSupport.java:234)
 java.base@11.0.30/java.util.concurrent.locks.AbstractQueuedSynchronizer$ConditionObject.awaitNanos(AbstractQueuedSynchronizer.java:2123)
 java.base@11.0.30/java.util.concurrent.ScheduledThreadPoolExecutor$DelayedWorkQueue.take(ScheduledThreadPoolExecutor.java:1182)
 java.base@11.0.30/java.util.concurrent.ScheduledThreadPoolExecutor$DelayedWorkQueue.take(ScheduledThreadPoolExecutor.java:899)
 java.base@11.0.30/java.util.concurrent.ThreadPoolExecutor.getTask(ThreadPoolExecutor.java:1054)
 java.base@11.0.30/java.util.concurrent.ThreadPoolExecutor.runWorker(ThreadPoolExecutor.java:1114)
 java.base@11.0.30/java.util.concurrent.ThreadPoolExecutor$Worker.run(ThreadPoolExecutor.java:628)
 java.base@11.0.30/java.lang.Thread.run(Thread.java:834)
